Timestep,Episode,Reward,Length,Success,Success_Rate,Best_Reward,Stage
200,1,-16.575818,50,0.0,0.0,-16.575818,0_random
400,2,-18.505893,50,0.0,0.0,-16.575818,0_random
600,3,-29.810433,50,0.0,0.0,-16.575818,0_random
800,4,-22.733415,50,0.0,0.0,-16.575818,0_random
1000,5,-18.554084,50,0.0,0.0,-16.575818,0_random
1200,6,-20.737354,50,0.0,0.0,-16.575818,0_random
1400,7,-8.013314,50,0.0,0.0,-8.013314,0_random
1600,8,-14.139914,50,0.0,0.0,-8.013314,0_random
1800,9,-23.045637,50,0.0,0.0,-8.013314,0_random
2000,10,-8.056193,50,0.0,0.0,-8.013314,0_random
2200,11,-18.365243,50,0.0,0.0,-8.013314,0_random
2400,12,-18.711385,50,0.0,0.0,-8.013314,0_random
2600,13,-17.493374,50,0.0,0.0,-8.013314,0_random
2800,14,-17.37671,50,0.0,0.0,-8.013314,0_random
3000,15,-23.206485,50,0.0,0.0,-8.013314,0_random
3200,16,-28.363419,50,0.0,0.0,-8.013314,0_random
3400,17,-19.966194,50,0.0,0.0,-8.013314,0_random
3600,18,-10.266041,50,0.0,0.0,-8.013314,0_random
3800,19,-18.987579,50,0.0,0.0,-8.013314,0_random
4000,20,-29.891196,50,0.0,0.0,-8.013314,0_random
4200,21,-20.425894,50,0.0,0.0,-8.013314,0_random
4400,22,-26.147116,50,0.0,0.0,-8.013314,0_random
4600,23,-17.205548,50,0.0,0.0,-8.013314,0_random
4800,24,-25.516189,50,0.0,0.0,-8.013314,0_random
5000,25,-19.328119,50,0.0,0.0,-8.013314,0_random
5200,26,-23.468116,50,0.0,0.0,-8.013314,0_random
5400,27,-30.444522,50,0.0,0.0,-8.013314,0_random
5600,28,-10.229299,50,0.0,0.0,-8.013314,0_random
5800,29,-24.844317,50,0.0,0.0,-8.013314,0_random
6000,30,-19.736267,50,0.0,0.0,-8.013314,0_random
6200,31,-28.659218,50,0.0,0.0,-8.013314,0_random
6400,32,-22.983316,50,0.0,0.0,-8.013314,0_random
6600,33,-23.573551,50,0.0,0.0,-8.013314,0_random
6800,34,-16.894024,50,0.0,0.0,-8.013314,0_random
7000,35,-22.427299,50,0.0,0.0,-8.013314,0_random
7200,36,-24.758022,50,0.0,0.0,-8.013314,0_random
7400,37,-23.455504,50,0.0,0.0,-8.013314,0_random
7600,38,-16.76528,50,0.0,0.0,-8.013314,0_random
7800,39,-21.239405,50,0.0,0.0,-8.013314,0_random
8000,40,-29.713558,50,0.0,0.0,-8.013314,0_random
8200,41,-24.954279,50,0.0,0.0,-8.013314,0_random
8400,42,-19.419917,50,0.0,0.0,-8.013314,0_random
8600,43,-14.1748,50,0.0,0.0,-8.013314,0_random
8800,44,-25.415848,50,0.0,0.0,-8.013314,0_random
9000,45,-26.497459,50,0.0,0.0,-8.013314,0_random
9200,46,-13.158386,50,0.0,0.0,-8.013314,0_random
9400,47,-17.60631,50,0.0,0.0,-8.013314,0_random
9600,48,-10.387137,50,0.0,0.0,-8.013314,0_random
9800,49,-18.997894,50,0.0,0.0,-8.013314,0_random
10000,50,-27.080343,50,0.0,0.0,-8.013314,0_random
10200,51,-22.068713,50,0.0,0.0,-8.013314,0_random
10400,52,-31.920092,50,0.0,0.0,-8.013314,0_random
10600,53,-25.107199,50,0.0,0.0,-8.013314,0_random
10800,54,-26.740128,50,0.0,0.0,-8.013314,0_random
11000,55,-16.800808,50,0.0,0.0,-8.013314,0_random
11200,56,-20.688824,50,0.0,0.0,-8.013314,0_random
11400,57,-23.323038,50,0.0,0.0,-8.013314,0_random
11600,58,-28.514366,50,0.0,0.0,-8.013314,0_random
11800,59,-11.304768,50,0.0,0.0,-8.013314,0_random
12000,60,-31.646937,50,0.0,0.0,-8.013314,0_random
12200,61,-19.891854,50,0.0,0.0,-8.013314,0_random
12400,62,-20.9902,50,0.0,0.0,-8.013314,0_random
12600,63,-18.345265,50,0.0,0.0,-8.013314,0_random
12800,64,-30.589135,50,0.0,0.0,-8.013314,0_random
13000,65,-19.866387,50,0.0,0.0,-8.013314,0_random
13200,66,-22.027513,50,0.0,0.0,-8.013314,0_random
13400,67,-33.149871,50,0.0,0.0,-8.013314,0_random
13600,68,-18.277677,50,0.0,0.0,-8.013314,0_random
13800,69,-23.09437,50,0.0,0.0,-8.013314,0_random
14000,70,-28.509406,50,0.0,0.0,-8.013314,0_random
14200,71,-13.934818,50,0.0,0.0,-8.013314,0_random
14400,72,-21.265627,50,0.0,0.0,-8.013314,0_random
14600,73,-25.908133,50,0.0,0.0,-8.013314,0_random
14800,74,-25.72716,50,0.0,0.0,-8.013314,0_random
15000,75,-25.10207,50,0.0,0.0,-8.013314,0_random
15200,76,-20.327551,50,0.0,0.0,-8.013314,0_random
15400,77,-30.885127,50,0.0,0.0,-8.013314,0_random
15600,78,-25.342938,50,0.0,0.0,-8.013314,0_random
15800,79,-8.50124,50,0.0,0.0,-8.013314,0_random
16000,80,-23.675245,50,0.0,0.0,-8.013314,0_random
16200,81,-15.512912,50,0.0,0.0,-8.013314,0_random
16400,82,-24.131906,50,0.0,0.0,-8.013314,0_random
16600,83,-20.752088,50,0.0,0.0,-8.013314,0_random
16800,84,-10.223852,50,0.0,0.0,-8.013314,0_random
17000,85,-23.876998,50,0.0,0.0,-8.013314,0_random
17200,86,-21.008244,50,0.0,0.0,-8.013314,0_random
17400,87,-20.125922,50,0.0,0.0,-8.013314,0_random
17600,88,-22.273739,50,0.0,0.0,-8.013314,0_random
17800,89,-16.67724,50,0.0,0.0,-8.013314,0_random
18000,90,-24.586759,50,0.0,0.0,-8.013314,0_random
18200,91,-12.746496,50,0.0,0.0,-8.013314,0_random
18400,92,-15.325268,50,0.0,0.0,-8.013314,0_random
18600,93,-20.076215,50,0.0,0.0,-8.013314,0_random
18800,94,-15.947636,50,0.0,0.0,-8.013314,0_random
19000,95,-23.543324,50,0.0,0.0,-8.013314,0_random
19200,96,-18.83448,50,0.0,0.0,-8.013314,0_random
19400,97,-18.039214,50,0.0,0.0,-8.013314,0_random
19600,98,-19.716261,50,0.0,0.0,-8.013314,0_random
19800,99,-22.221226,50,0.0,0.0,-8.013314,0_random
20000,100,-28.694709,50,0.0,0.0,-8.013314,0_random
20200,101,-12.490347,50,0.0,0.0,-8.013314,0_random
20400,102,-15.338006,50,0.0,0.0,-8.013314,0_random
20600,103,-24.730733,50,0.0,0.0,-8.013314,0_random
20800,104,-9.838066,50,0.0,0.0,-8.013314,0_random
21000,105,-17.402385,50,0.0,0.0,-8.013314,0_random
21200,106,-26.440361,50,0.0,0.0,-8.013314,0_random
21400,107,-26.463342,50,0.0,0.0,-8.013314,0_random
21600,108,-18.209864,50,0.0,0.0,-8.013314,0_random
21800,109,-29.940211,50,0.0,0.0,-8.013314,0_random
22000,110,-25.750223,50,0.0,0.0,-8.013314,0_random
22200,111,-31.688898,50,0.0,0.0,-8.013314,0_random
22400,112,-23.148493,50,0.0,0.0,-8.013314,0_random
22600,113,-11.440743,50,0.0,0.0,-8.013314,0_random
22800,114,-28.633496,50,0.0,0.0,-8.013314,0_random
23000,115,-22.328047,50,0.0,0.0,-8.013314,0_random
23200,116,-14.09981,50,0.0,0.0,-8.013314,0_random
23400,117,-24.802067,50,0.0,0.0,-8.013314,0_random
23600,118,-28.573392,50,0.0,0.0,-8.013314,0_random
23800,119,-13.516198,50,0.0,0.0,-8.013314,0_random
24000,120,-14.424909,50,0.0,0.0,-8.013314,0_random
24200,121,-20.336769,50,0.0,0.0,-8.013314,0_random
24400,122,-17.837427,50,0.0,0.0,-8.013314,0_random
24600,123,-24.885506,50,0.0,0.0,-8.013314,0_random
24800,124,-13.223403,50,0.0,0.0,-8.013314,0_random
25000,125,-28.469584,50,0.0,0.0,-8.013314,0_random
25200,126,-20.924205,50,0.0,0.0,-8.013314,0_random
25400,127,-14.883157,50,0.0,0.0,-8.013314,0_random
25600,128,-15.099754,50,0.0,0.0,-8.013314,0_random
25800,129,-15.48099,50,0.0,0.0,-8.013314,0_random
26000,130,-23.130906,50,0.0,0.0,-8.013314,0_random
26200,131,-24.190793,50,0.0,0.0,-8.013314,0_random
26400,132,-16.314045,50,0.0,0.0,-8.013314,0_random
26600,133,-15.808093,50,0.0,0.0,-8.013314,0_random
26800,134,-29.023696,50,0.0,0.0,-8.013314,0_random
27000,135,-15.141751,50,0.0,0.0,-8.013314,0_random
27200,136,-25.47802,50,0.0,0.0,-8.013314,0_random
27400,137,-29.920089,50,0.0,0.0,-8.013314,0_random
27600,138,-25.690055,50,0.0,0.0,-8.013314,0_random
27800,139,-17.615945,50,0.0,0.0,-8.013314,0_random
28000,140,-17.520062,50,0.0,0.0,-8.013314,0_random
28200,141,-25.799769,50,0.0,0.0,-8.013314,0_random
28400,142,-9.256111,50,0.0,0.0,-8.013314,0_random
28600,143,-26.581726,50,0.0,0.0,-8.013314,0_random
28800,144,-7.479012,50,0.0,0.0,-7.479012,0_random
29000,145,-20.618555,50,0.0,0.0,-7.479012,0_random
29200,146,-19.265104,50,0.0,0.0,-7.479012,0_random
29400,147,-9.750897,50,0.0,0.0,-7.479012,0_random
29600,148,-18.561018,50,0.0,0.0,-7.479012,0_random
29800,149,-19.24664,50,0.0,0.0,-7.479012,0_random
30000,150,-16.817126,50,0.0,0.0,-7.479012,0_random
30200,151,-27.472648,50,0.0,0.0,-7.479012,0_random
30400,152,-20.233222,50,0.0,0.0,-7.479012,0_random
30600,153,-26.599682,50,0.0,0.0,-7.479012,0_random
30800,154,-21.351348,50,0.0,0.0,-7.479012,0_random
31000,155,-25.543819,50,0.0,0.0,-7.479012,0_random
31200,156,-19.76071,50,0.0,0.0,-7.479012,0_random
31400,157,-14.496859,50,0.0,0.0,-7.479012,0_random
31600,158,-12.970978,50,0.0,0.0,-7.479012,0_random
31800,159,-22.423228,50,0.0,0.0,-7.479012,0_random
32000,160,-9.80296,50,0.0,0.0,-7.479012,0_random
32200,161,-21.808935,50,0.0,0.0,-7.479012,0_random
32400,162,-10.17488,50,0.0,0.0,-7.479012,0_random
32600,163,-17.241075,50,0.0,0.0,-7.479012,0_random
32800,164,-21.272396,50,0.0,0.0,-7.479012,0_random
33000,165,-20.723323,50,0.0,0.0,-7.479012,0_random
33200,166,-33.00242,50,0.0,0.0,-7.479012,0_random
33400,167,-24.416585,50,0.0,0.0,-7.479012,0_random
33600,168,-22.858531,50,0.0,0.0,-7.479012,0_random
33800,169,-21.48861,50,0.0,0.0,-7.479012,0_random
34000,170,-22.208721,50,0.0,0.0,-7.479012,0_random
34200,171,-20.949629,50,0.0,0.0,-7.479012,0_random
34400,172,-16.853842,50,0.0,0.0,-7.479012,0_random
34600,173,-16.727162,50,0.0,0.0,-7.479012,0_random
34800,174,-21.896442,50,0.0,0.0,-7.479012,0_random
35000,175,-15.748403,50,0.0,0.0,-7.479012,0_random
35200,176,-16.63929,50,0.0,0.0,-7.479012,0_random
35400,177,-32.540508,50,0.0,0.0,-7.479012,0_random
35600,178,-10.48153,50,0.0,0.0,-7.479012,0_random
35800,179,-10.409681,50,0.0,0.0,-7.479012,0_random
36000,180,-21.429331,50,0.0,0.0,-7.479012,0_random
36200,181,-24.942405,50,0.0,0.0,-7.479012,0_random
36400,182,-14.046274,50,0.0,0.0,-7.479012,0_random
36600,183,-7.617135,50,0.0,0.0,-7.479012,0_random
36800,184,-27.62879,50,0.0,0.0,-7.479012,0_random
37000,185,-19.735824,50,0.0,0.0,-7.479012,0_random
37200,186,-13.529846,50,0.0,0.0,-7.479012,0_random
37400,187,-27.836824,50,0.0,0.0,-7.479012,0_random
37600,188,-10.205611,50,0.0,0.0,-7.479012,0_random
37800,189,-17.032619,50,0.0,0.0,-7.479012,0_random
38000,190,-30.379146,50,0.0,0.0,-7.479012,0_random
38200,191,-23.70456,50,0.0,0.0,-7.479012,0_random
38400,192,-31.540195,50,0.0,0.0,-7.479012,0_random
38600,193,-13.45551,50,0.0,0.0,-7.479012,0_random
38800,194,-29.768953,50,0.0,0.0,-7.479012,0_random
39000,195,-13.390751,50,0.0,0.0,-7.479012,0_random
39200,196,-24.093244,50,0.0,0.0,-7.479012,0_random
39400,197,-24.721383,50,0.0,0.0,-7.479012,0_random
39600,198,-19.549516,50,0.0,0.0,-7.479012,0_random
39800,199,-13.70532,50,0.0,0.0,-7.479012,0_random
40000,200,-21.42209,50,0.0,0.0,-7.479012,0_random
40200,201,-8.650493,50,0.0,0.0,-7.479012,0_random
40400,202,-22.810138,50,0.0,0.0,-7.479012,0_random
40600,203,-33.045909,50,0.0,0.0,-7.479012,0_random
40800,204,-24.143275,50,0.0,0.0,-7.479012,0_random
41000,205,-19.222597,50,0.0,0.0,-7.479012,0_random
41200,206,-15.210648,50,0.0,0.0,-7.479012,0_random
41400,207,-29.012814,50,0.0,0.0,-7.479012,0_random
41600,208,-23.093474,50,0.0,0.0,-7.479012,0_random
41800,209,-25.296679,50,0.0,0.0,-7.479012,0_random
42000,210,-11.53499,50,0.0,0.0,-7.479012,0_random
42200,211,-29.792311,50,0.0,0.0,-7.479012,0_random
42400,212,-9.966451,50,0.0,0.0,-7.479012,0_random
42600,213,-19.487351,50,0.0,0.0,-7.479012,0_random
42800,214,-30.895776,50,0.0,0.0,-7.479012,0_random
43000,215,-23.707371,50,0.0,0.0,-7.479012,0_random
43200,216,-25.260578,50,0.0,0.0,-7.479012,0_random
43400,217,-18.103308,50,0.0,0.0,-7.479012,0_random
43600,218,-23.081041,50,0.0,0.0,-7.479012,0_random
43800,219,-22.231106,50,0.0,0.0,-7.479012,0_random
44000,220,-21.743326,50,0.0,0.0,-7.479012,0_random
44200,221,-16.92752,50,0.0,0.0,-7.479012,0_random
44400,222,-22.697839,50,0.0,0.0,-7.479012,0_random
44600,223,-23.314426,50,0.0,0.0,-7.479012,0_random
44800,224,-24.455943,50,0.0,0.0,-7.479012,0_random
45000,225,-15.955462,50,0.0,0.0,-7.479012,0_random
45200,226,-15.855441,50,0.0,0.0,-7.479012,0_random
45400,227,-18.164669,50,0.0,0.0,-7.479012,0_random
45600,228,-19.755367,50,0.0,0.0,-7.479012,0_random
45800,229,-31.393615,50,0.0,0.0,-7.479012,0_random
46000,230,-17.966823,50,0.0,0.0,-7.479012,0_random
46200,231,-21.842108,50,0.0,0.0,-7.479012,0_random
46400,232,-27.465307,50,0.0,0.0,-7.479012,0_random
46600,233,-19.509509,50,0.0,0.0,-7.479012,0_random
46800,234,-22.9615,50,0.0,0.0,-7.479012,0_random
47000,235,-16.466969,50,0.0,0.0,-7.479012,0_random
47200,236,-11.777497,50,0.0,0.0,-7.479012,0_random
47400,237,-18.547259,50,0.0,0.0,-7.479012,0_random
47600,238,-21.487848,50,0.0,0.0,-7.479012,0_random
47800,239,-24.488845,50,0.0,0.0,-7.479012,0_random
48000,240,-24.853555,50,0.0,0.0,-7.479012,0_random
48200,241,-16.788588,50,0.0,0.0,-7.479012,0_random
48400,242,-17.880423,50,0.0,0.0,-7.479012,0_random
48600,243,-30.532409,50,0.0,0.0,-7.479012,0_random
48800,244,-10.975813,50,0.0,0.0,-7.479012,0_random
49000,245,-23.640501,50,0.0,0.0,-7.479012,0_random
49200,246,-20.855266,50,0.0,0.0,-7.479012,0_random
49400,247,-22.717085,50,0.0,0.0,-7.479012,0_random
49600,248,-18.641491,50,0.0,0.0,-7.479012,0_random
49800,249,-21.73343,50,0.0,0.0,-7.479012,0_random
50000,250,-21.950556,50,0.0,0.0,-7.479012,0_random
50200,251,-27.342187,50,0.0,0.0,-7.479012,0_random
50400,252,-18.081082,50,0.0,0.0,-7.479012,0_random
50600,253,-27.015952,50,0.0,0.0,-7.479012,0_random
50800,254,-13.221425,50,0.0,0.0,-7.479012,0_random
51000,255,-19.434705,50,0.0,0.0,-7.479012,0_random
51200,256,-18.19345,50,0.0,0.0,-7.479012,0_random
51400,257,-21.562938,50,0.0,0.0,-7.479012,0_random
51600,258,-17.611523,50,0.0,0.0,-7.479012,0_random
51800,259,-21.994995,50,0.0,0.0,-7.479012,0_random
52000,260,-24.581881,50,0.0,0.0,-7.479012,0_random
52200,261,-24.532115,50,0.0,0.0,-7.479012,0_random
52400,262,-22.962002,50,0.0,0.0,-7.479012,0_random
52600,263,-19.412505,50,0.0,0.0,-7.479012,0_random
52800,264,-18.221265,50,0.0,0.0,-7.479012,0_random
53000,265,-13.061743,50,0.0,0.0,-7.479012,0_random
53200,266,-30.231103,50,0.0,0.0,-7.479012,0_random
53400,267,-22.544942,50,0.0,0.0,-7.479012,0_random
53600,268,-29.560973,50,0.0,0.0,-7.479012,0_random
53800,269,-28.495965,50,0.0,0.0,-7.479012,0_random
54000,270,-29.793052,50,0.0,0.0,-7.479012,0_random
54200,271,-22.701375,50,0.0,0.0,-7.479012,0_random
54400,272,-9.373028,50,0.0,0.0,-7.479012,0_random
54600,273,-19.454163,50,0.0,0.0,-7.479012,0_random
54800,274,-33.917381,50,0.0,0.0,-7.479012,0_random
55000,275,-23.780738,50,0.0,0.0,-7.479012,0_random
55200,276,-15.007656,50,0.0,0.0,-7.479012,0_random
55400,277,-21.75287,50,0.0,0.0,-7.479012,0_random
55600,278,-10.844947,50,0.0,0.0,-7.479012,0_random
55800,279,-18.0227,50,0.0,0.0,-7.479012,0_random
56000,280,-12.672567,50,0.0,0.0,-7.479012,0_random
56200,281,-26.730857,50,0.0,0.0,-7.479012,0_random
56400,282,-23.014189,50,0.0,0.0,-7.479012,0_random
56600,283,-22.38626,50,0.0,0.0,-7.479012,0_random
56800,284,-21.996985,50,0.0,0.0,-7.479012,0_random
57000,285,-30.291397,50,0.0,0.0,-7.479012,0_random
57200,286,-24.07525,50,0.0,0.0,-7.479012,0_random
57400,287,-12.728219,50,0.0,0.0,-7.479012,0_random
57600,288,-13.362523,50,0.0,0.0,-7.479012,0_random
57800,289,-27.86215,50,0.0,0.0,-7.479012,0_random
58000,290,-14.511723,50,0.0,0.0,-7.479012,0_random
58200,291,-31.588777,50,0.0,0.0,-7.479012,0_random
58400,292,-15.613958,50,0.0,0.0,-7.479012,0_random
58600,293,-8.232652,50,0.0,0.0,-7.479012,0_random
58800,294,-22.659947,50,0.0,0.0,-7.479012,0_random
59000,295,-25.361717,50,0.0,0.0,-7.479012,0_random
59200,296,-24.947673,50,0.0,0.0,-7.479012,0_random
59400,297,-26.788541,50,0.0,0.0,-7.479012,0_random
59600,298,-19.616764,50,0.0,0.0,-7.479012,0_random
59800,299,-28.347033,50,0.0,0.0,-7.479012,0_random
60000,300,-18.174578,50,0.0,0.0,-7.479012,0_random
60200,301,-21.659675,50,0.0,0.0,-7.479012,0_random
60400,302,-28.702078,50,0.0,0.0,-7.479012,0_random
60600,303,-19.73879,50,0.0,0.0,-7.479012,0_random
60800,304,-24.010582,50,0.0,0.0,-7.479012,0_random
61000,305,-20.238023,50,0.0,0.0,-7.479012,0_random
61200,306,-24.254488,50,0.0,0.0,-7.479012,0_random
61400,307,-18.563911,50,0.0,0.0,-7.479012,0_random
61600,308,-20.573657,50,0.0,0.0,-7.479012,0_random
61800,309,-15.531205,50,0.0,0.0,-7.479012,0_random
62000,310,-20.765584,50,0.0,0.0,-7.479012,0_random
62200,311,-14.028839,50,0.0,0.0,-7.479012,0_random
62400,312,-16.395977,50,0.0,0.0,-7.479012,0_random
62600,313,-21.091384,50,0.0,0.0,-7.479012,0_random
62800,314,-24.45717,50,0.0,0.0,-7.479012,0_random
63000,315,-25.380103,50,0.0,0.0,-7.479012,0_random
63200,316,-13.9264,50,0.0,0.0,-7.479012,0_random
63400,317,-23.829107,50,0.0,0.0,-7.479012,0_random
63600,318,-14.552087,50,0.0,0.0,-7.479012,0_random
63800,319,-31.975021,50,0.0,0.0,-7.479012,0_random
64000,320,-17.43033,50,0.0,0.0,-7.479012,0_random
64200,321,-23.665709,50,0.0,0.0,-7.479012,0_random
64400,322,-18.435308,50,0.0,0.0,-7.479012,0_random
64600,323,-15.866438,50,0.0,0.0,-7.479012,0_random
64800,324,-13.180075,50,0.0,0.0,-7.479012,0_random
65000,325,-15.27138,50,0.0,0.0,-7.479012,0_random
65200,326,-17.50735,50,0.0,0.0,-7.479012,0_random
65400,327,-7.883242,50,0.0,0.0,-7.479012,0_random
65600,328,-23.320405,50,0.0,0.0,-7.479012,0_random
65800,329,-25.705697,50,0.0,0.0,-7.479012,0_random
66000,330,-19.912538,50,0.0,0.0,-7.479012,0_random
66200,331,-8.767931,50,0.0,0.0,-7.479012,0_random
66400,332,-16.674151,50,0.0,0.0,-7.479012,0_random
66600,333,-18.035074,50,0.0,0.0,-7.479012,0_random
66800,334,-28.818902,50,0.0,0.0,-7.479012,0_random
67000,335,-13.958035,50,0.0,0.0,-7.479012,0_random
67200,336,-14.326876,50,0.0,0.0,-7.479012,0_random
67400,337,-30.435322,50,0.0,0.0,-7.479012,0_random
67600,338,-9.309989,50,0.0,0.0,-7.479012,0_random
67800,339,-27.346831,50,0.0,0.0,-7.479012,0_random
68000,340,-13.767482,50,0.0,0.0,-7.479012,0_random
68200,341,-16.232971,50,0.0,0.0,-7.479012,0_random
68400,342,-22.231792,50,0.0,0.0,-7.479012,0_random
68600,343,-24.381958,50,0.0,0.0,-7.479012,0_random
68800,344,-17.556925,50,0.0,0.0,-7.479012,0_random
69000,345,-27.099991,50,0.0,0.0,-7.479012,0_random
69200,346,-25.391951,50,0.0,0.0,-7.479012,0_random
69400,347,-19.474917,50,0.0,0.0,-7.479012,0_random
69600,348,-30.949991,50,0.0,0.0,-7.479012,0_random
69800,349,-20.107076,50,0.0,0.0,-7.479012,0_random
70000,350,-25.405898,50,0.0,0.0,-7.479012,0_random
70200,351,-19.218726,50,0.0,0.0,-7.479012,0_random
70400,352,-18.444654,50,0.0,0.0,-7.479012,0_random
70600,353,-16.445701,50,0.0,0.0,-7.479012,0_random
70800,354,-23.74904,50,0.0,0.0,-7.479012,0_random
71000,355,-24.438867,50,0.0,0.0,-7.479012,0_random
71200,356,-33.135185,50,0.0,0.0,-7.479012,0_random
71400,357,-10.954769,50,0.0,0.0,-7.479012,0_random
71600,358,-12.022965,50,0.0,0.0,-7.479012,0_random
71800,359,-25.272539,50,0.0,0.0,-7.479012,0_random
72000,360,-27.427167,50,0.0,0.0,-7.479012,0_random
72200,361,-14.585205,50,0.0,0.0,-7.479012,0_random
72400,362,-16.430044,50,0.0,0.0,-7.479012,0_random
72600,363,-22.23361,50,0.0,0.0,-7.479012,0_random
72800,364,-18.776788,50,0.0,0.0,-7.479012,0_random
73000,365,-9.215166,50,0.0,0.0,-7.479012,0_random
73200,366,-26.947805,50,0.0,0.0,-7.479012,0_random
73400,367,-19.688868,50,0.0,0.0,-7.479012,0_random
73600,368,-13.291834,50,0.0,0.0,-7.479012,0_random
73800,369,-22.322173,50,0.0,0.0,-7.479012,0_random
74000,370,-32.518694,50,0.0,0.0,-7.479012,0_random
74200,371,-21.663812,50,0.0,0.0,-7.479012,0_random
74400,372,-24.01697,50,0.0,0.0,-7.479012,0_random
74600,373,-27.969226,50,0.0,0.0,-7.479012,0_random
74800,374,-20.590196,50,0.0,0.0,-7.479012,0_random
75000,375,-8.897431,50,0.0,0.0,-7.479012,0_random
75200,376,-21.104443,50,0.0,0.0,-7.479012,0_random
75400,377,-21.595418,50,0.0,0.0,-7.479012,0_random
75600,378,-9.279635,50,0.0,0.0,-7.479012,0_random
75800,379,-12.283306,50,0.0,0.0,-7.479012,0_random
76000,380,-28.007054,50,0.0,0.0,-7.479012,0_random
76200,381,-19.544946,50,0.0,0.0,-7.479012,0_random
76400,382,-24.544602,50,0.0,0.0,-7.479012,0_random
76600,383,-22.916973,50,0.0,0.0,-7.479012,0_random
76800,384,-14.536458,50,0.0,0.0,-7.479012,0_random
77000,385,-17.199111,50,0.0,0.0,-7.479012,0_random
77200,386,-18.744961,50,0.0,0.0,-7.479012,0_random
77400,387,-14.571313,50,0.0,0.0,-7.479012,0_random
77600,388,-15.113193,50,0.0,0.0,-7.479012,0_random
77800,389,-26.661018,50,0.0,0.0,-7.479012,0_random
78000,390,-21.399376,50,0.0,0.0,-7.479012,0_random
78200,391,-8.622554,50,0.0,0.0,-7.479012,0_random
78400,392,-9.483923,50,0.0,0.0,-7.479012,0_random
78600,393,-25.691207,50,0.0,0.0,-7.479012,0_random
78800,394,-17.037326,50,0.0,0.0,-7.479012,0_random
79000,395,-24.623214,50,0.0,0.0,-7.479012,0_random
79200,396,-22.784737,50,0.0,0.0,-7.479012,0_random
79400,397,-30.640645,50,0.0,0.0,-7.479012,0_random
79600,398,-20.889131,50,0.0,0.0,-7.479012,0_random
79800,399,-13.69526,50,0.0,0.0,-7.479012,0_random
80000,400,-18.720724,50,0.0,0.0,-7.479012,0_random
80200,401,-18.228037,50,0.0,0.0,-7.479012,0_random
80400,402,-16.490292,50,0.0,0.0,-7.479012,0_random
80600,403,-33.88486,50,0.0,0.0,-7.479012,0_random
80800,404,-26.777693,50,0.0,0.0,-7.479012,0_random
81000,405,-21.367554,50,0.0,0.0,-7.479012,0_random
81200,406,-21.359483,50,0.0,0.0,-7.479012,0_random
81400,407,-29.886508,50,0.0,0.0,-7.479012,0_random
81600,408,-12.432693,50,0.0,0.0,-7.479012,0_random
81800,409,-19.439367,50,0.0,0.0,-7.479012,0_random
82000,410,-15.92982,50,0.0,0.0,-7.479012,0_random
82200,411,-19.351683,50,0.0,0.0,-7.479012,0_random
82400,412,-16.207664,50,0.0,0.0,-7.479012,0_random
82600,413,-12.269419,50,0.0,0.0,-7.479012,0_random
82800,414,-21.419705,50,0.0,0.0,-7.479012,0_random
83000,415,-17.127919,50,0.0,0.0,-7.479012,0_random
83200,416,-10.208478,50,0.0,0.0,-7.479012,0_random
83400,417,-17.211183,50,0.0,0.0,-7.479012,0_random
83600,418,-19.176884,50,0.0,0.0,-7.479012,0_random
83800,419,-34.960291,50,0.0,0.0,-7.479012,0_random
84000,420,-29.366209,50,0.0,0.0,-7.479012,0_random
84200,421,-18.136245,50,0.0,0.0,-7.479012,0_random
84400,422,-22.681863,50,0.0,0.0,-7.479012,0_random
84600,423,-29.126836,50,0.0,0.0,-7.479012,0_random
84800,424,-23.791639,50,0.0,0.0,-7.479012,0_random
85000,425,-22.684492,50,0.0,0.0,-7.479012,0_random
85200,426,-20.813933,50,0.0,0.0,-7.479012,0_random
85400,427,-16.568819,50,0.0,0.0,-7.479012,0_random
85600,428,-17.306461,50,0.0,0.0,-7.479012,0_random
85800,429,-27.124676,50,0.0,0.0,-7.479012,0_random
86000,430,-22.421431,50,0.0,0.0,-7.479012,0_random
86200,431,-23.416872,50,0.0,0.0,-7.479012,0_random
86400,432,-16.116069,50,0.0,0.0,-7.479012,0_random
86600,433,-19.503609,50,0.0,0.0,-7.479012,0_random
86800,434,-20.977845,50,0.0,0.0,-7.479012,0_random
87000,435,-27.676047,50,0.0,0.0,-7.479012,0_random
87200,436,-25.26637,50,0.0,0.0,-7.479012,0_random
87400,437,-13.29589,50,0.0,0.0,-7.479012,0_random
87600,438,-12.53006,50,0.0,0.0,-7.479012,0_random
87800,439,-18.143947,50,0.0,0.0,-7.479012,0_random
88000,440,-18.290195,50,0.0,0.0,-7.479012,0_random
88200,441,-22.108712,50,0.0,0.0,-7.479012,0_random
88400,442,-15.456295,50,0.0,0.0,-7.479012,0_random
88600,443,-10.043242,50,0.0,0.0,-7.479012,0_random
88800,444,-25.861581,50,0.0,0.0,-7.479012,0_random
89000,445,-21.646685,50,0.0,0.0,-7.479012,0_random
89200,446,-20.924105,50,0.0,0.0,-7.479012,0_random
89400,447,-24.438098,50,0.0,0.0,-7.479012,0_random
89600,448,-17.810018,50,0.0,0.0,-7.479012,0_random
89800,449,-12.753375,50,0.0,0.0,-7.479012,0_random
90000,450,-18.480613,50,0.0,0.0,-7.479012,0_random
90200,451,-26.171655,50,0.0,0.0,-7.479012,0_random
90400,452,-16.636073,50,0.0,0.0,-7.479012,0_random
90600,453,-32.234443,50,0.0,0.0,-7.479012,0_random
90800,454,-17.326695,50,0.0,0.0,-7.479012,0_random
91000,455,-12.90736,50,0.0,0.0,-7.479012,0_random
91200,456,-18.972987,50,0.0,0.0,-7.479012,0_random
91400,457,-21.565861,50,0.0,0.0,-7.479012,0_random
91600,458,-13.543846,50,0.0,0.0,-7.479012,0_random
91800,459,-19.637758,50,0.0,0.0,-7.479012,0_random
92000,460,-16.845484,50,0.0,0.0,-7.479012,0_random
92200,461,-30.921523,50,0.0,0.0,-7.479012,0_random
92400,462,-21.139295,50,0.0,0.0,-7.479012,0_random
92600,463,-26.893302,50,0.0,0.0,-7.479012,0_random
92800,464,-28.826083,50,0.0,0.0,-7.479012,0_random
93000,465,-10.163799,50,0.0,0.0,-7.479012,0_random
93200,466,-25.324518,50,0.0,0.0,-7.479012,0_random
93400,467,-23.025036,50,0.0,0.0,-7.479012,0_random
93600,468,-18.622453,50,0.0,0.0,-7.479012,0_random
93800,469,-17.020995,50,0.0,0.0,-7.479012,0_random
94000,470,-16.924534,50,0.0,0.0,-7.479012,0_random
94200,471,-10.228856,50,0.0,0.0,-7.479012,0_random
94400,472,-21.223971,50,0.0,0.0,-7.479012,0_random
94600,473,-16.82401,50,0.0,0.0,-7.479012,0_random
94800,474,-24.987789,50,0.0,0.0,-7.479012,0_random
95000,475,-31.96378,50,0.0,0.0,-7.479012,0_random
95200,476,-15.865794,50,0.0,0.0,-7.479012,0_random
95400,477,-21.058977,50,0.0,0.0,-7.479012,0_random
95600,478,-15.517385,50,0.0,0.0,-7.479012,0_random
95800,479,-20.91282,50,0.0,0.0,-7.479012,0_random
96000,480,-20.967229,50,0.0,0.0,-7.479012,0_random
96200,481,-13.498801,50,0.0,0.0,-7.479012,0_random
96400,482,-14.833081,50,0.0,0.0,-7.479012,0_random
96600,483,-22.453381,50,0.0,0.0,-7.479012,0_random
96800,484,-8.494884,50,0.0,0.0,-7.479012,0_random
97000,485,-23.098331,50,0.0,0.0,-7.479012,0_random
97200,486,-20.832896,50,0.0,0.0,-7.479012,0_random
97400,487,-13.182741,50,0.0,0.0,-7.479012,0_random
97600,488,-22.951332,50,0.0,0.0,-7.479012,0_random
97800,489,-26.092075,50,0.0,0.0,-7.479012,0_random
98000,490,-23.454456,50,0.0,0.0,-7.479012,0_random
98200,491,-26.045321,50,0.0,0.0,-7.479012,0_random
98400,492,-18.898692,50,0.0,0.0,-7.479012,0_random
98600,493,-22.139558,50,0.0,0.0,-7.479012,0_random
98800,494,-20.275771,50,0.0,0.0,-7.479012,0_random
99000,495,-23.139258,50,0.0,0.0,-7.479012,0_random
99200,496,-19.652659,50,0.0,0.0,-7.479012,0_random
99400,497,-16.493784,50,0.0,0.0,-7.479012,0_random
99600,498,-19.909824,50,0.0,0.0,-7.479012,0_random
99800,499,-20.281336,50,0.0,0.0,-7.479012,0_random
100000,500,-22.860758,50,0.0,0.0,-7.479012,0_random
100200,501,-16.119996,50,0.0,0.0,-7.479012,0_random
100400,502,-24.398738,50,0.0,0.0,-7.479012,0_random
100600,503,-21.628337,50,0.0,0.0,-7.479012,0_random
100800,504,-24.632275,50,0.0,0.0,-7.479012,0_random
101000,505,-12.889682,50,0.0,0.0,-7.479012,0_random
101200,506,-18.676712,50,0.0,0.0,-7.479012,0_random
101400,507,-19.481403,50,0.0,0.0,-7.479012,0_random
101600,508,-19.168482,50,0.0,0.0,-7.479012,0_random
101800,509,-9.827678,50,0.0,0.0,-7.479012,0_random
102000,510,-23.055003,50,0.0,0.0,-7.479012,0_random
102200,511,-20.569696,50,0.0,0.0,-7.479012,0_random
102400,512,-19.304823,50,0.0,0.0,-7.479012,0_random
102600,513,-25.86069,50,0.0,0.0,-7.479012,0_random
102800,514,-18.147147,50,0.0,0.0,-7.479012,0_random
103000,515,-17.636348,50,0.0,0.0,-7.479012,0_random
103200,516,-24.680171,50,0.0,0.0,-7.479012,0_random
103400,517,-18.012031,50,0.0,0.0,-7.479012,0_random
103600,518,-21.464638,50,0.0,0.0,-7.479012,0_random
103800,519,-14.691884,50,0.0,0.0,-7.479012,0_random
104000,520,-20.134207,50,0.0,0.0,-7.479012,0_random
104200,521,-9.678239,50,0.0,0.0,-7.479012,0_random
104400,522,-22.863717,50,0.0,0.0,-7.479012,0_random
104600,523,-25.983472,50,0.0,0.0,-7.479012,0_random
104800,524,-20.339152,50,0.0,0.0,-7.479012,0_random
105000,525,-14.7082,50,0.0,0.0,-7.479012,0_random
105200,526,-22.124075,50,0.0,0.0,-7.479012,0_random
105400,527,-33.144498,50,0.0,0.0,-7.479012,0_random
105600,528,-20.919129,50,0.0,0.0,-7.479012,0_random
105800,529,-16.610013,50,0.0,0.0,-7.479012,0_random
106000,530,-22.86563,50,0.0,0.0,-7.479012,0_random
106200,531,-25.436142,50,0.0,0.0,-7.479012,0_random
106400,532,-13.943084,50,0.0,0.0,-7.479012,0_random
106600,533,-18.683057,50,0.0,0.0,-7.479012,0_random
106800,534,-20.461367,50,0.0,0.0,-7.479012,0_random
107000,535,-16.914607,50,0.0,0.0,-7.479012,0_random
107200,536,-12.83613,50,0.0,0.0,-7.479012,0_random
107400,537,-26.802873,50,0.0,0.0,-7.479012,0_random
107600,538,-23.093216,50,0.0,0.0,-7.479012,0_random
107800,539,-22.383639,50,0.0,0.0,-7.479012,0_random
108000,540,-21.23233,50,0.0,0.0,-7.479012,0_random
108200,541,-24.75473,50,0.0,0.0,-7.479012,0_random
108400,542,-13.385021,50,0.0,0.0,-7.479012,0_random
108600,543,-24.483568,50,0.0,0.0,-7.479012,0_random
108800,544,-13.96294,50,0.0,0.0,-7.479012,0_random
109000,545,-20.371501,50,0.0,0.0,-7.479012,0_random
109200,546,-15.875191,50,0.0,0.0,-7.479012,0_random
109400,547,-26.61412,50,0.0,0.0,-7.479012,0_random
109600,548,-28.394868,50,0.0,0.0,-7.479012,0_random
109800,549,-26.921833,50,0.0,0.0,-7.479012,0_random
110000,550,-19.472761,50,0.0,0.0,-7.479012,0_random
110200,551,-26.355321,50,0.0,0.0,-7.479012,0_random
110400,552,-21.217132,50,0.0,0.0,-7.479012,0_random
110600,553,-17.1065,50,0.0,0.0,-7.479012,0_random
110800,554,-28.895376,50,0.0,0.0,-7.479012,0_random
111000,555,-22.448681,50,0.0,0.0,-7.479012,0_random
111200,556,-23.934924,50,0.0,0.0,-7.479012,0_random
111400,557,-17.509282,50,0.0,0.0,-7.479012,0_random
111600,558,-20.093798,50,0.0,0.0,-7.479012,0_random
111800,559,-20.29592,50,0.0,0.0,-7.479012,0_random
112000,560,-23.007851,50,0.0,0.0,-7.479012,0_random
112200,561,-25.330707,50,0.0,0.0,-7.479012,0_random
112400,562,-19.352095,50,0.0,0.0,-7.479012,0_random
112600,563,-26.597928,50,0.0,0.0,-7.479012,0_random
112800,564,-15.251697,50,0.0,0.0,-7.479012,0_random
113000,565,-24.204714,50,0.0,0.0,-7.479012,0_random
113200,566,-19.991961,50,0.0,0.0,-7.479012,0_random
113400,567,-24.102101,50,0.0,0.0,-7.479012,0_random
113600,568,-20.394769,50,0.0,0.0,-7.479012,0_random
113800,569,-23.218079,50,0.0,0.0,-7.479012,0_random
114000,570,-18.534844,50,0.0,0.0,-7.479012,0_random
114200,571,-29.385634,50,0.0,0.0,-7.479012,0_random
114400,572,-24.917524,50,0.0,0.0,-7.479012,0_random
114600,573,-31.229705,50,0.0,0.0,-7.479012,0_random
114800,574,-16.054076,50,0.0,0.0,-7.479012,0_random
115000,575,-25.142819,50,0.0,0.0,-7.479012,0_random
115200,576,-28.972201,50,0.0,0.0,-7.479012,0_random
115400,577,-25.062491,50,0.0,0.0,-7.479012,0_random
115600,578,-14.521662,50,0.0,0.0,-7.479012,0_random
115800,579,-30.202427,50,0.0,0.0,-7.479012,0_random
116000,580,-21.99065,50,0.0,0.0,-7.479012,0_random
116200,581,-12.368265,50,0.0,0.0,-7.479012,0_random
116400,582,-25.712469,50,0.0,0.0,-7.479012,0_random
116600,583,-13.25312,50,0.0,0.0,-7.479012,0_random
116800,584,-22.800773,50,0.0,0.0,-7.479012,0_random
117000,585,-19.871438,50,0.0,0.0,-7.479012,0_random
117200,586,-10.078438,50,0.0,0.0,-7.479012,0_random
117400,587,-16.701461,50,0.0,0.0,-7.479012,0_random
117600,588,-28.573548,50,0.0,0.0,-7.479012,0_random
117800,589,-34.526441,50,0.0,0.0,-7.479012,0_random
118000,590,-24.345718,50,0.0,0.0,-7.479012,0_random
118200,591,-25.459246,50,0.0,0.0,-7.479012,0_random
118400,592,-20.097955,50,0.0,0.0,-7.479012,0_random
118600,593,-28.029679,50,0.0,0.0,-7.479012,0_random
118800,594,-18.411381,50,0.0,0.0,-7.479012,0_random
119000,595,-31.169114,50,0.0,0.0,-7.479012,0_random
119200,596,-10.371932,50,0.0,0.0,-7.479012,0_random
119400,597,-23.463229,50,0.0,0.0,-7.479012,0_random
119600,598,-31.195778,50,0.0,0.0,-7.479012,0_random
119800,599,-15.016543,50,0.0,0.0,-7.479012,0_random
120000,600,-8.355611,50,0.0,0.0,-7.479012,0_random
120200,601,-13.27132,50,0.0,0.0,-7.479012,0_random
120400,602,-17.892478,50,0.0,0.0,-7.479012,0_random
120600,603,-25.512896,50,0.0,0.0,-7.479012,0_random
120800,604,-21.107759,50,0.0,0.0,-7.479012,0_random
121000,605,-18.569114,50,0.0,0.0,-7.479012,0_random
121200,606,-13.68101,50,0.0,0.0,-7.479012,0_random
121400,607,-29.888028,50,0.0,0.0,-7.479012,0_random
121600,608,-17.569573,50,0.0,0.0,-7.479012,0_random
121800,609,-19.515932,50,0.0,0.0,-7.479012,0_random
122000,610,-26.221911,50,0.0,0.0,-7.479012,0_random
122200,611,-30.048381,50,0.0,0.0,-7.479012,0_random
122400,612,-26.440395,50,0.0,0.0,-7.479012,0_random
122600,613,-20.183759,50,0.0,0.0,-7.479012,0_random
122800,614,-24.850775,50,0.0,0.0,-7.479012,0_random
123000,615,-29.931259,50,0.0,0.0,-7.479012,0_random
123200,616,-16.013933,50,0.0,0.0,-7.479012,0_random
123400,617,-28.406939,50,0.0,0.0,-7.479012,0_random
123600,618,-18.804978,50,0.0,0.0,-7.479012,0_random
123800,619,-23.784417,50,0.0,0.0,-7.479012,0_random
124000,620,-15.471227,50,0.0,0.0,-7.479012,0_random
124200,621,-18.598895,50,0.0,0.0,-7.479012,0_random
124400,622,-24.352755,50,0.0,0.0,-7.479012,0_random
124600,623,-19.165897,50,0.0,0.0,-7.479012,0_random
124800,624,-31.762197,50,0.0,0.0,-7.479012,0_random
125000,625,-26.630278,50,0.0,0.0,-7.479012,0_random
125200,626,-17.48329,50,0.0,0.0,-7.479012,0_random
125400,627,-22.928531,50,0.0,0.0,-7.479012,0_random
125600,628,-20.088857,50,0.0,0.0,-7.479012,0_random
125800,629,-17.815262,50,0.0,0.0,-7.479012,0_random
126000,630,-18.382758,50,0.0,0.0,-7.479012,0_random
126200,631,-32.551141,50,0.0,0.0,-7.479012,0_random
126400,632,-31.99097,50,0.0,0.0,-7.479012,0_random
126600,633,-15.481688,50,0.0,0.0,-7.479012,0_random
126800,634,-21.754431,50,0.0,0.0,-7.479012,0_random
127000,635,-13.912339,50,0.0,0.0,-7.479012,0_random
127200,636,-17.046693,50,0.0,0.0,-7.479012,0_random
127400,637,-19.614007,50,0.0,0.0,-7.479012,0_random
127600,638,-33.686235,50,0.0,0.0,-7.479012,0_random
127800,639,-9.951848,50,0.0,0.0,-7.479012,0_random
128000,640,-15.935529,50,0.0,0.0,-7.479012,0_random
128200,641,-23.250598,50,0.0,0.0,-7.479012,0_random
128400,642,-11.078719,50,0.0,0.0,-7.479012,0_random
128600,643,-20.454498,50,0.0,0.0,-7.479012,0_random
128800,644,-28.806776,50,0.0,0.0,-7.479012,0_random
129000,645,-29.744792,50,0.0,0.0,-7.479012,0_random
129200,646,-14.110235,50,0.0,0.0,-7.479012,0_random
129400,647,-31.987238,50,0.0,0.0,-7.479012,0_random
129600,648,-18.663592,50,0.0,0.0,-7.479012,0_random
129800,649,-16.526635,50,0.0,0.0,-7.479012,0_random
130000,650,-13.088187,50,0.0,0.0,-7.479012,0_random
130200,651,-23.475236,50,0.0,0.0,-7.479012,0_random
130400,652,-21.648932,50,0.0,0.0,-7.479012,0_random
130600,653,-14.829201,50,0.0,0.0,-7.479012,0_random
130800,654,-17.597814,50,0.0,0.0,-7.479012,0_random
131000,655,-18.418457,50,0.0,0.0,-7.479012,0_random
131200,656,-25.704744,50,0.0,0.0,-7.479012,0_random
131400,657,-15.779877,50,0.0,0.0,-7.479012,0_random
131600,658,-9.186539,50,0.0,0.0,-7.479012,0_random
131800,659,-20.232658,50,0.0,0.0,-7.479012,0_random
132000,660,-34.736722,50,0.0,0.0,-7.479012,0_random
132200,661,-17.317907,50,0.0,0.0,-7.479012,0_random
132400,662,-26.336438,50,0.0,0.0,-7.479012,0_random
132600,663,-11.544231,50,0.0,0.0,-7.479012,0_random
132800,664,-27.585261,50,0.0,0.0,-7.479012,0_random
133000,665,-15.754851,50,0.0,0.0,-7.479012,0_random
133200,666,-15.515879,50,0.0,0.0,-7.479012,0_random
133400,667,-15.769003,50,0.0,0.0,-7.479012,0_random
133600,668,-21.799209,50,0.0,0.0,-7.479012,0_random
133800,669,-19.269681,50,0.0,0.0,-7.479012,0_random
134000,670,-20.815447,50,0.0,0.0,-7.479012,0_random
134200,671,-22.772289,50,0.0,0.0,-7.479012,0_random
134400,672,-20.735863,50,0.0,0.0,-7.479012,0_random
134600,673,-20.478808,50,0.0,0.0,-7.479012,0_random
134800,674,-28.647875,50,0.0,0.0,-7.479012,0_random
135000,675,-18.032753,50,0.0,0.0,-7.479012,0_random
135200,676,-25.666098,50,0.0,0.0,-7.479012,0_random
135400,677,-16.15427,50,0.0,0.0,-7.479012,0_random
135600,678,-31.651277,50,0.0,0.0,-7.479012,0_random
135800,679,-11.784987,50,0.0,0.0,-7.479012,0_random
136000,680,-22.262125,50,0.0,0.0,-7.479012,0_random
136200,681,-23.384467,50,0.0,0.0,-7.479012,0_random
136400,682,-22.555851,50,0.0,0.0,-7.479012,0_random
136600,683,-26.228707,50,0.0,0.0,-7.479012,0_random
136800,684,-15.284689,50,0.0,0.0,-7.479012,0_random
137000,685,-29.896306,50,0.0,0.0,-7.479012,0_random
137200,686,-19.284467,50,0.0,0.0,-7.479012,0_random
137400,687,-27.670489,50,0.0,0.0,-7.479012,0_random
137600,688,-16.074024,50,0.0,0.0,-7.479012,0_random
137800,689,-20.412894,50,0.0,0.0,-7.479012,0_random
138000,690,-30.176453,50,0.0,0.0,-7.479012,0_random
138200,691,-22.942446,50,0.0,0.0,-7.479012,0_random
138400,692,-23.043202,50,0.0,0.0,-7.479012,0_random
138600,693,-11.970501,50,0.0,0.0,-7.479012,0_random
138800,694,-30.823106,50,0.0,0.0,-7.479012,0_random
139000,695,-27.725857,50,0.0,0.0,-7.479012,0_random
139200,696,-15.989614,50,0.0,0.0,-7.479012,0_random
139400,697,-25.623713,50,0.0,0.0,-7.479012,0_random
139600,698,-11.816441,50,0.0,0.0,-7.479012,0_random
139800,699,-32.933234,50,0.0,0.0,-7.479012,0_random
140000,700,-12.348048,50,0.0,0.0,-7.479012,0_random
140200,701,-17.381234,50,0.0,0.0,-7.479012,0_random
140400,702,-12.55335,50,0.0,0.0,-7.479012,0_random
140600,703,-28.45204,50,0.0,0.0,-7.479012,0_random
140800,704,-19.283226,50,0.0,0.0,-7.479012,0_random
141000,705,-19.086684,50,0.0,0.0,-7.479012,0_random
141200,706,-14.741327,50,0.0,0.0,-7.479012,0_random
141400,707,-18.429438,50,0.0,0.0,-7.479012,0_random
141600,708,-20.492137,50,0.0,0.0,-7.479012,0_random
141800,709,-29.854226,50,0.0,0.0,-7.479012,0_random
142000,710,-23.887086,50,0.0,0.0,-7.479012,0_random
142200,711,-21.212955,50,0.0,0.0,-7.479012,0_random
142400,712,-25.185738,50,0.0,0.0,-7.479012,0_random
142600,713,-21.784124,50,0.0,0.0,-7.479012,0_random
142800,714,-26.599143,50,0.0,0.0,-7.479012,0_random
143000,715,-23.013387,50,0.0,0.0,-7.479012,0_random
143200,716,-27.808631,50,0.0,0.0,-7.479012,0_random
143400,717,-20.875198,50,0.0,0.0,-7.479012,0_random
143600,718,-16.208791,50,0.0,0.0,-7.479012,0_random
143800,719,-18.526377,50,0.0,0.0,-7.479012,0_random
144000,720,-10.012614,50,0.0,0.0,-7.479012,0_random
144200,721,-19.093661,50,0.0,0.0,-7.479012,0_random
144400,722,-15.623177,50,0.0,0.0,-7.479012,0_random
144600,723,-32.127292,50,0.0,0.0,-7.479012,0_random
144800,724,-15.431625,50,0.0,0.0,-7.479012,0_random
145000,725,-18.304323,50,0.0,0.0,-7.479012,0_random
145200,726,-35.471477,50,0.0,0.0,-7.479012,0_random
145400,727,-30.458928,50,0.0,0.0,-7.479012,0_random
145600,728,-25.019996,50,0.0,0.0,-7.479012,0_random
145800,729,-19.989209,50,0.0,0.0,-7.479012,0_random
146000,730,-19.289024,50,0.0,0.0,-7.479012,0_random
146200,731,-12.895154,50,0.0,0.0,-7.479012,0_random
146400,732,-12.171982,50,0.0,0.0,-7.479012,0_random
146600,733,-18.52408,50,0.0,0.0,-7.479012,0_random
146800,734,-14.051827,50,0.0,0.0,-7.479012,0_random
147000,735,-10.125267,50,0.0,0.0,-7.479012,0_random
147200,736,-20.665814,50,0.0,0.0,-7.479012,0_random
147400,737,-17.778061,50,0.0,0.0,-7.479012,0_random
147600,738,-15.475914,50,0.0,0.0,-7.479012,0_random
147800,739,-27.968429,50,0.0,0.0,-7.479012,0_random
148000,740,-26.329276,50,0.0,0.0,-7.479012,0_random
148200,741,-18.033148,50,0.0,0.0,-7.479012,0_random
148400,742,-16.270266,50,0.0,0.0,-7.479012,0_random
148600,743,-20.059738,50,0.0,0.0,-7.479012,0_random
148800,744,-14.76037,50,0.0,0.0,-7.479012,0_random
149000,745,-11.202942,50,0.0,0.0,-7.479012,0_random
149200,746,-23.936043,50,0.0,0.0,-7.479012,0_random
149400,747,-13.639781,50,0.0,0.0,-7.479012,0_random
149600,748,-27.866283,50,0.0,0.0,-7.479012,0_random
149800,749,-20.728175,50,0.0,0.0,-7.479012,0_random
150000,750,-21.681061,50,0.0,0.0,-7.479012,0_random
150200,751,-28.630359,50,0.0,0.0,-7.479012,0_random
150400,752,-32.439096,50,0.0,0.0,-7.479012,0_random
150600,753,-23.989993,50,0.0,0.0,-7.479012,0_random
150800,754,-30.485199,50,0.0,0.0,-7.479012,0_random
151000,755,-27.03431,50,0.0,0.0,-7.479012,0_random
151200,756,-21.587216,50,0.0,0.0,-7.479012,0_random
151400,757,-21.142999,50,0.0,0.0,-7.479012,0_random
151600,758,-8.544102,50,0.0,0.0,-7.479012,0_random
151800,759,-15.576726,50,0.0,0.0,-7.479012,0_random
152000,760,-17.749575,50,0.0,0.0,-7.479012,0_random
152200,761,-32.694653,50,0.0,0.0,-7.479012,0_random
152400,762,-18.378568,50,0.0,0.0,-7.479012,0_random
152600,763,-22.619432,50,0.0,0.0,-7.479012,0_random
152800,764,-22.026476,50,0.0,0.0,-7.479012,0_random
153000,765,-20.52943,50,0.0,0.0,-7.479012,0_random
153200,766,-28.13572,50,0.0,0.0,-7.479012,0_random
153400,767,-17.149516,50,0.0,0.0,-7.479012,0_random
153600,768,-17.615682,50,0.0,0.0,-7.479012,0_random
153800,769,-13.232898,50,0.0,0.0,-7.479012,0_random
154000,770,-22.327003,50,0.0,0.0,-7.479012,0_random
154200,771,-12.937839,50,0.0,0.0,-7.479012,0_random
154400,772,-12.979737,50,0.0,0.0,-7.479012,0_random
154600,773,-16.105578,50,0.0,0.0,-7.479012,0_random
154800,774,-13.631583,50,0.0,0.0,-7.479012,0_random
155000,775,-18.036639,50,0.0,0.0,-7.479012,0_random
155200,776,-27.681583,50,0.0,0.0,-7.479012,0_random
155400,777,-32.894257,50,0.0,0.0,-7.479012,0_random
155600,778,-29.032971,50,0.0,0.0,-7.479012,0_random
155800,779,-24.396382,50,0.0,0.0,-7.479012,0_random
156000,780,-24.914738,50,0.0,0.0,-7.479012,0_random
156200,781,-29.272643,50,0.0,0.0,-7.479012,0_random
156400,782,-29.753882,50,0.0,0.0,-7.479012,0_random
156600,783,-22.473735,50,0.0,0.0,-7.479012,0_random
156800,784,-22.827242,50,0.0,0.0,-7.479012,0_random
157000,785,-22.570726,50,0.0,0.0,-7.479012,0_random
157200,786,-14.002447,50,0.0,0.0,-7.479012,0_random
157400,787,-20.544607,50,0.0,0.0,-7.479012,0_random
157600,788,-19.618936,50,0.0,0.0,-7.479012,0_random
157800,789,-24.630293,50,0.0,0.0,-7.479012,0_random
158000,790,-16.7214,50,0.0,0.0,-7.479012,0_random
158200,791,-17.425642,50,0.0,0.0,-7.479012,0_random
158400,792,-19.59349,50,0.0,0.0,-7.479012,0_random
158600,793,-15.657056,50,0.0,0.0,-7.479012,0_random
158800,794,-23.536589,50,0.0,0.0,-7.479012,0_random
159000,795,-18.490816,50,0.0,0.0,-7.479012,0_random
159200,796,-21.944242,50,0.0,0.0,-7.479012,0_random
159400,797,-28.244431,50,0.0,0.0,-7.479012,0_random
159600,798,-29.066537,50,0.0,0.0,-7.479012,0_random
159800,799,-22.801732,50,0.0,0.0,-7.479012,0_random
160000,800,-19.123075,50,0.0,0.0,-7.479012,0_random
160200,801,-17.912848,50,0.0,0.0,-7.479012,0_random
160400,802,-16.488517,50,0.0,0.0,-7.479012,0_random
160600,803,-6.854677,50,0.0,0.0,-6.854677,0_random
160800,804,-18.545551,50,0.0,0.0,-6.854677,0_random
161000,805,-22.634851,50,0.0,0.0,-6.854677,0_random
161200,806,-11.155256,50,0.0,0.0,-6.854677,0_random
161400,807,-13.34798,50,0.0,0.0,-6.854677,0_random
161600,808,-22.916267,50,0.0,0.0,-6.854677,0_random
161800,809,-20.575567,50,0.0,0.0,-6.854677,0_random
162000,810,-24.798115,50,0.0,0.0,-6.854677,0_random
162200,811,-18.430789,50,0.0,0.0,-6.854677,0_random
162400,812,-30.375892,50,0.0,0.0,-6.854677,0_random
162600,813,-15.869017,50,0.0,0.0,-6.854677,0_random
162800,814,-19.508345,50,0.0,0.0,-6.854677,0_random
163000,815,-8.731684,50,0.0,0.0,-6.854677,0_random
163200,816,-28.123976,50,0.0,0.0,-6.854677,0_random
163400,817,-22.256239,50,0.0,0.0,-6.854677,0_random
163600,818,-26.268806,50,0.0,0.0,-6.854677,0_random
163800,819,-15.077853,50,0.0,0.0,-6.854677,0_random
164000,820,-22.63802,50,0.0,0.0,-6.854677,0_random
164200,821,-25.87664,50,0.0,0.0,-6.854677,0_random
164400,822,-26.3462,50,0.0,0.0,-6.854677,0_random
164600,823,-24.564035,50,0.0,0.0,-6.854677,0_random
164800,824,-10.527494,50,0.0,0.0,-6.854677,0_random
165000,825,-12.308049,50,0.0,0.0,-6.854677,0_random
165200,826,-17.640586,50,0.0,0.0,-6.854677,0_random
165400,827,-21.343019,50,0.0,0.0,-6.854677,0_random
165600,828,-23.375403,50,0.0,0.0,-6.854677,0_random
165800,829,-12.48214,50,0.0,0.0,-6.854677,0_random
166000,830,-22.857061,50,0.0,0.0,-6.854677,0_random
166200,831,-22.102249,50,0.0,0.0,-6.854677,0_random
166400,832,-29.91076,50,0.0,0.0,-6.854677,0_random
166600,833,-6.147796,50,0.0,0.0,-6.147796,0_random
166800,834,-23.274291,50,0.0,0.0,-6.147796,0_random
167000,835,-21.406943,50,0.0,0.0,-6.147796,0_random
167200,836,-15.103554,50,0.0,0.0,-6.147796,0_random
167400,837,-20.482451,50,0.0,0.0,-6.147796,0_random
167600,838,-20.44938,50,0.0,0.0,-6.147796,0_random
167800,839,-17.359359,50,0.0,0.0,-6.147796,0_random
168000,840,-19.617548,50,0.0,0.0,-6.147796,0_random
168200,841,-21.917724,50,0.0,0.0,-6.147796,0_random
168400,842,-23.630542,50,0.0,0.0,-6.147796,0_random
168600,843,-14.388621,50,0.0,0.0,-6.147796,0_random
168800,844,-18.674126,50,0.0,0.0,-6.147796,0_random
169000,845,-23.482944,50,0.0,0.0,-6.147796,0_random
169200,846,-26.162278,50,0.0,0.0,-6.147796,0_random
169400,847,-14.58391,50,0.0,0.0,-6.147796,0_random
169600,848,-9.02412,50,0.0,0.0,-6.147796,0_random
169800,849,-9.924878,50,0.0,0.0,-6.147796,0_random
170000,850,-33.012555,50,0.0,0.0,-6.147796,0_random
170200,851,-16.929401,50,0.0,0.0,-6.147796,0_random
170400,852,-31.612546,50,0.0,0.0,-6.147796,0_random
170600,853,-29.893537,50,0.0,0.0,-6.147796,0_random
170800,854,-15.990389,50,0.0,0.0,-6.147796,0_random
171000,855,-25.421121,50,0.0,0.0,-6.147796,0_random
171200,856,-11.492649,50,0.0,0.0,-6.147796,0_random
171400,857,-16.180549,50,0.0,0.0,-6.147796,0_random
171600,858,-7.136824,50,0.0,0.0,-6.147796,0_random
171800,859,-23.195548,50,0.0,0.0,-6.147796,0_random
172000,860,-16.219315,50,0.0,0.0,-6.147796,0_random
172200,861,-17.428582,50,0.0,0.0,-6.147796,0_random
172400,862,-18.937921,50,0.0,0.0,-6.147796,0_random
172600,863,-21.877427,50,0.0,0.0,-6.147796,0_random
172800,864,-14.617862,50,0.0,0.0,-6.147796,0_random
173000,865,-25.503782,50,0.0,0.0,-6.147796,0_random
173200,866,-21.065997,50,0.0,0.0,-6.147796,0_random
173400,867,-19.74749,50,0.0,0.0,-6.147796,0_random
173600,868,-14.395851,50,0.0,0.0,-6.147796,0_random
173800,869,-26.660168,50,0.0,0.0,-6.147796,0_random
174000,870,-10.669673,50,0.0,0.0,-6.147796,0_random
174200,871,-13.270318,50,0.0,0.0,-6.147796,0_random
174400,872,-11.146162,50,0.0,0.0,-6.147796,0_random
174600,873,-8.847431,50,0.0,0.0,-6.147796,0_random
174800,874,-13.808067,50,0.0,0.0,-6.147796,0_random
175000,875,-26.071403,50,0.0,0.0,-6.147796,0_random
175200,876,-16.454536,50,0.0,0.0,-6.147796,0_random
175400,877,-19.24993,50,0.0,0.0,-6.147796,0_random
175600,878,-24.75865,50,0.0,0.0,-6.147796,0_random
175800,879,-17.976606,50,0.0,0.0,-6.147796,0_random
176000,880,-17.704062,50,0.0,0.0,-6.147796,0_random
176200,881,-16.625562,50,0.0,0.0,-6.147796,0_random
176400,882,-25.491856,50,0.0,0.0,-6.147796,0_random
176600,883,-20.167853,50,0.0,0.0,-6.147796,0_random
176800,884,-21.149883,50,0.0,0.0,-6.147796,0_random
177000,885,-17.358224,50,0.0,0.0,-6.147796,0_random
177200,886,-30.70746,50,0.0,0.0,-6.147796,0_random
177400,887,-18.397097,50,0.0,0.0,-6.147796,0_random
177600,888,-23.349514,50,0.0,0.0,-6.147796,0_random
177800,889,-14.70847,50,0.0,0.0,-6.147796,0_random
178000,890,-20.761071,50,0.0,0.0,-6.147796,0_random
178200,891,-21.906846,50,0.0,0.0,-6.147796,0_random
178400,892,-13.907595,50,0.0,0.0,-6.147796,0_random
178600,893,-24.913935,50,0.0,0.0,-6.147796,0_random
178800,894,-34.632576,50,0.0,0.0,-6.147796,0_random
179000,895,-14.558113,50,0.0,0.0,-6.147796,0_random
179200,896,-30.293555,50,0.0,0.0,-6.147796,0_random
179400,897,-26.276911,50,0.0,0.0,-6.147796,0_random
179600,898,-11.13749,50,0.0,0.0,-6.147796,0_random
179800,899,-30.266888,50,0.0,0.0,-6.147796,0_random
180000,900,-26.804912,50,0.0,0.0,-6.147796,0_random
180200,901,-24.182921,50,0.0,0.0,-6.147796,0_random
180400,902,-27.420802,50,0.0,0.0,-6.147796,0_random
180600,903,-14.431863,50,0.0,0.0,-6.147796,0_random
180800,904,-15.982984,50,0.0,0.0,-6.147796,0_random
181000,905,-31.596299,50,0.0,0.0,-6.147796,0_random
181200,906,-22.531127,50,0.0,0.0,-6.147796,0_random
181400,907,-28.219396,50,0.0,0.0,-6.147796,0_random
181600,908,-23.259638,50,0.0,0.0,-6.147796,0_random
181800,909,-22.880793,50,0.0,0.0,-6.147796,0_random
182000,910,-21.801871,50,0.0,0.0,-6.147796,0_random
182200,911,-21.344332,50,0.0,0.0,-6.147796,0_random
182400,912,-18.427599,50,0.0,0.0,-6.147796,0_random
182600,913,-26.736004,50,0.0,0.0,-6.147796,0_random
182800,914,-16.583551,50,0.0,0.0,-6.147796,0_random
183000,915,-27.647124,50,0.0,0.0,-6.147796,0_random
183200,916,-19.402656,50,0.0,0.0,-6.147796,0_random
183400,917,-16.998064,50,0.0,0.0,-6.147796,0_random
183600,918,-22.861253,50,0.0,0.0,-6.147796,0_random
183800,919,-18.747143,50,0.0,0.0,-6.147796,0_random
184000,920,-16.835523,50,0.0,0.0,-6.147796,0_random
184200,921,-19.457041,50,0.0,0.0,-6.147796,0_random
184400,922,-26.550418,50,0.0,0.0,-6.147796,0_random
184600,923,-15.701046,50,0.0,0.0,-6.147796,0_random
184800,924,-10.857077,50,0.0,0.0,-6.147796,0_random
185000,925,-14.084153,50,0.0,0.0,-6.147796,0_random
185200,926,-16.194585,50,0.0,0.0,-6.147796,0_random
185400,927,-30.471709,50,0.0,0.0,-6.147796,0_random
185600,928,-22.729369,50,0.0,0.0,-6.147796,0_random
185800,929,-20.466774,50,0.0,0.0,-6.147796,0_random
186000,930,-19.155067,50,0.0,0.0,-6.147796,0_random
186200,931,-18.43418,50,0.0,0.0,-6.147796,0_random
186400,932,-12.750995,50,0.0,0.0,-6.147796,0_random
186600,933,-20.069006,50,0.0,0.0,-6.147796,0_random
186800,934,-22.905077,50,0.0,0.0,-6.147796,0_random
187000,935,-21.59203,50,0.0,0.0,-6.147796,0_random
187200,936,-18.997682,50,0.0,0.0,-6.147796,0_random
187400,937,-21.71484,50,0.0,0.0,-6.147796,0_random
187600,938,-27.160559,50,0.0,0.0,-6.147796,0_random
187800,939,-25.713513,50,0.0,0.0,-6.147796,0_random
188000,940,-19.466591,50,0.0,0.0,-6.147796,0_random
188200,941,-15.856129,50,0.0,0.0,-6.147796,0_random
188400,942,-27.785317,50,0.0,0.0,-6.147796,0_random
188600,943,-23.61742,50,0.0,0.0,-6.147796,0_random
188800,944,-26.491462,50,0.0,0.0,-6.147796,0_random
189000,945,-23.819968,50,0.0,0.0,-6.147796,0_random
189200,946,-25.389409,50,0.0,0.0,-6.147796,0_random
189400,947,-21.68734,50,0.0,0.0,-6.147796,0_random
189600,948,-25.526319,50,0.0,0.0,-6.147796,0_random
