time/total_timesteps,time/time_elapsed,rollout/ep_rew_mean,time/fps,rollout/success_rate,rollout/ep_len_mean,train/std,time/episodes,train/ent_coef,train/learning_rate,train/ent_coef_loss,train/actor_loss,train/critic_loss,train/n_updates,eval/mean_ep_length,eval/mean_reward,eval/success_rate
500,2,-22.3058943,197,0.0,50.0,0.049787066876888275,10,,,,,,,,,
1000,5,-23.0769104,198,0.0,50.0,0.049787066876888275,20,,,,,,,,,
1500,7,-23.200018600000003,199,0.0,50.0,0.049787066876888275,30,,,,,,,,,
2000,9,-23.252273025,200,0.0,50.0,0.049787066876888275,40,,,,,,,,,
2500,12,-23.75409718,197,0.0,50.0,0.049787066876888275,50,,,,,,,,,
3000,15,-23.725027566666665,194,0.0,50.0,0.049787066876888275,60,,,,,,,,,
3500,18,-24.706447414285712,193,0.0,50.0,0.049787066876888275,70,,,,,,,,,
3958,20,-23.928378937500003,193,0.012500000186264515,49.475,0.049787066876888275,80,,,,,,,,,
4458,23,-23.585767511111108,193,0.011111111380159855,49.53333333333333,0.049787066876888275,90,,,,,,,,,
4958,25,-23.29358293,193,0.009999999776482582,49.58,0.049787066876888275,100,,,,,,,,,
5458,28,-23.023022689999998,193,0.009999999776482582,49.58,0.049787066876888275,110,,,,,,,,,
5958,30,-22.631413370000004,193,0.009999999776482582,49.58,0.049787066876888275,120,,,,,,,,,
6458,33,-22.60402422,192,0.009999999776482582,49.58,0.049787066876888275,130,,,,,,,,,
6958,36,-22.165579969999996,192,0.009999999776482582,49.58,0.049787066876888275,140,,,,,,,,,
7442,38,-22.032858819999998,192,0.019999999552965164,49.42,0.049787066876888275,150,,,,,,,,,
7942,41,-22.063628750000003,191,0.019999999552965164,49.42,0.049787066876888275,160,,,,,,,,,
8442,44,-20.799930330000002,189,0.019999999552965164,49.42,0.049787066876888275,170,,,,,,,,,
8942,47,-20.967123740000005,188,0.009999999776482582,49.84,0.049787066876888275,180,,,,,,,,,
9442,50,-20.356619079999998,186,0.009999999776482582,49.84,0.049787066876888275,190,,,,,,,,,
9942,53,-20.89390987,186,0.009999999776482582,49.84,0.049787066876888275,200,,,,,,,,,
10442,59,-21.135487900000008,176,0.009999999776482582,49.84,0.04992718622088432,210,0.9734579622745514,0.0001,-0.10893924720585346,0.19493287056684494,0.7675911635160446,440,,,
10942,65,-21.702980079999996,167,0.009999999776482582,49.84,0.04999266192317009,220,0.9130908995866776,0.0001,-0.4465632289648056,-6.3783038854599,0.20909685641527176,940,,,
11442,71,-21.912717139999994,160,0.009999999776482582,49.84,0.05000292509794235,230,0.8639954924583435,0.0001,-0.6653121113777161,-11.883427143096924,0.3969714194536209,1440,,,
11942,77,-22.864380599999993,153,0.009999999776482582,49.84,0.050019413232803345,240,0.8196596801280975,0.0001,-0.997146487236023,-17.15855646133423,0.7527466788887978,1940,,,
12442,83,-22.438590719999997,148,0.0,50.0,0.05002184212207794,250,0.7786465436220169,0.0001,-1.2451238632202148,-21.010774612426758,0.38463400304317474,2440,,,
12942,90,-22.261084550000007,143,0.0,50.0,0.05002777278423309,260,0.7400483042001724,0.0001,-1.4660935401916504,-24.92951011657715,0.8750758469104767,2940,,,
13442,96,-22.83256615,139,0.0,50.0,0.05003324896097183,270,0.7036186903715134,0.0001,-1.5974676012992859,-27.414369106292725,0.8096101507544518,3440,,,
13942,102,-22.82070236,136,0.0,50.0,0.05003974959254265,280,0.6690097153186798,0.0001,-1.918481469154358,-30.17484760284424,0.5544350855052471,3940,,,
14442,108,-23.794915709999994,132,0.0,50.0,0.050059109926223755,290,0.6362452059984207,0.0001,-2.1987622380256653,-32.23838996887207,0.8588390834629536,4440,,,
14942,114,-23.68700981,130,0.0,50.0,0.050070621073246,300,0.6050407886505127,0.0001,-2.5384891033172607,-34.27723979949951,0.3908904269337654,4940,,,
15442,120,-24.1536236,127,0.0,50.0,0.05007442831993103,310,0.5755592584609985,0.0001,-2.9875832200050354,-35.359243392944336,0.6948447823524475,5440,,,
15942,126,-23.67467384,125,0.0,50.0,0.050097446888685226,320,0.5475378334522247,0.0001,-2.9101616740226746,-35.45932674407959,1.013800211250782,5940,,,
16442,133,-24.01802905,123,0.0,50.0,0.0501038134098053,330,0.5207538306713104,0.0001,-3.208393394947052,-36.48271560668945,0.31028900668025017,6440,,,
16942,140,-23.452631389999997,120,0.0,50.0,0.05011257156729698,340,0.49550728499889374,0.0001,-3.48562490940094,-36.70183086395264,0.20212192460894585,6940,,,
17442,146,-23.51393251,119,0.0,50.0,0.05011921748518944,350,0.4713757038116455,0.0001,-3.626223385334015,-36.23819351196289,0.23770569637417793,7440,,,
17942,152,-23.35409473,117,0.0,50.0,0.05012766644358635,360,0.44843223690986633,0.0001,-3.9009875059127808,-36.22381019592285,0.5442898087203503,7940,,,
18442,158,-23.435084100000005,116,0.0,50.0,0.050132617354393005,370,0.42661483585834503,0.0001,-4.395623207092285,-35.98087787628174,0.17254773154854774,8440,,,
18942,164,-23.795507089999997,115,0.0,50.0,0.050137780606746674,380,0.40588801354169846,0.0001,-4.502638220787048,-35.358736991882324,0.4970567598938942,8940,,,
19442,170,-23.35884886,113,0.0,50.0,0.050141774117946625,390,0.38608192652463913,0.0001,-4.045170545578003,-34.40229511260986,0.4191199578344822,9440,,,
19942,177,-22.81912179,112,0.0,50.0,0.05014351010322571,400,0.3672948554158211,0.0001,-5.12154495716095,-34.355170249938965,0.8657565787434578,9940,,,
20000,,,,,,,,0.3652591332793236,0.0001,-5.2725876569747925,-34.16810989379883,0.2810555100440979,9996,50.0,-21.1515664,0.0
20442,189,-22.094451510000003,107,0.0,50.0,0.05014444515109062,410,0.349476620554924,0.0001,-5.261647939682007,-33.15719223022461,0.5175538565963507,10440,,,
20942,195,-22.23674132,107,0.0,50.0,0.050155024975538254,420,0.33250124752521515,0.0001,-5.39258337020874,-32.481995582580566,0.21313003823161125,10940,,,
21442,201,-21.95277687,106,0.0,50.0,0.050163380801677704,430,0.3163267448544502,0.0001,-5.798329591751099,-31.397777557373047,0.1445783767849207,11440,,,
21942,207,-21.97664209,105,0.0,50.0,0.05016586184501648,440,0.3009706437587738,0.0001,-5.992779731750488,-30.518070697784424,0.3906736709177494,11940,,,
22442,213,-22.080861919999997,104,0.0,50.0,0.05016431212425232,450,0.2863194867968559,0.0001,-6.275820374488831,-29.374433517456055,0.11788940615952015,12440,,,
22942,220,-22.197755410000003,104,0.0,50.0,0.050171248614788055,460,0.2723648175597191,0.0001,-6.136667966842651,-28.533267974853516,0.14513656124472618,12940,,,
23442,226,-21.73189954,103,0.0,50.0,0.05017941817641258,470,0.2591146379709244,0.0001,-6.701260328292847,-27.47477388381958,0.2005891352891922,13440,,,
23942,232,-21.375756449999994,102,0.0,50.0,0.050183311104774475,480,0.24650070071220398,0.0001,-6.770195960998535,-26.392045974731445,0.35879678651690483,13940,,,
24442,238,-21.580588390000003,102,0.0,50.0,0.05018851161003113,490,0.23455994948744774,0.0001,-6.963672399520874,-25.37545871734619,0.10807790048420429,14440,,,
24942,244,-21.899517740000007,102,0.0,50.0,0.050198864191770554,500,0.2231520526111126,0.0001,-7.549807190895081,-24.49009656906128,0.10498187132179737,14940,,,
25442,250,-22.188320100000002,101,0.0,50.0,0.0501977801322937,510,0.21226755902171135,0.0001,-7.399568796157837,-23.33912706375122,0.3770766658708453,15440,,,
25942,256,-21.908317369999995,101,0.0,50.0,0.05020460486412048,520,0.20195471867918968,0.0001,-7.485732197761536,-22.272284030914307,0.0871952474117279,15940,,,
26442,262,-21.450863970000004,100,0.0,50.0,0.05021130293607712,530,0.19211877137422562,0.0001,-8.198548555374146,-21.425776481628418,0.08553067408502102,16440,,,
26942,268,-21.040465350000005,100,0.0,50.0,0.050214819610118866,540,0.1827719882130623,0.0001,-8.578024625778198,-20.41676092147827,0.35645003989338875,16940,,,
27442,274,-20.879482390000003,99,0.0,50.0,0.050216611474752426,550,0.17387646436691284,0.0001,-8.5704665184021,-19.456952571868896,0.08671378158032894,17440,,,
27942,280,-20.62988178,99,0.0,50.0,0.050221037119627,560,0.16542898863554,0.0001,-8.931525945663452,-18.677849292755127,0.04015322960913181,17940,,,
28442,286,-20.839063770000003,99,0.0,50.0,0.05022533982992172,570,0.15737469121813774,0.0001,-9.077897787094116,-17.713677406311035,0.05222759069874883,18440,,,
28942,292,-20.956734689999994,98,0.0,50.0,0.05023190379142761,580,0.14969521388411522,0.0001,-10.088914155960083,-16.994774341583252,0.20384501665830612,18940,,,
29442,298,-20.903652560000005,98,0.0,50.0,0.05023417994379997,590,0.14241501688957214,0.0001,-9.005077123641968,-16.04188895225525,0.1544225551187992,19440,,,
29942,304,-20.721060190000003,98,0.0,50.0,0.05024412274360657,600,0.13548919185996056,0.0001,-9.355719566345215,-15.206404447555542,0.02376313880085945,19940,,,
30442,310,-20.703394210000003,98,0.0,50.0,0.0502445325255394,610,0.1289137750864029,0.0001,-9.782894372940063,-14.503579378128052,0.02713312255218625,20440,,,
30942,317,-20.879191470000002,97,0.0,50.0,0.05024170130491257,620,0.1226351372897625,0.0001,-10.109232902526855,-13.689816951751709,0.06787055544555187,20940,,,
31442,323,-20.98206025,97,0.0,50.0,0.05024776980280876,630,0.11667004600167274,0.0001,-10.312444925308228,-12.94221830368042,0.02507418394088745,21440,,,
31942,330,-21.169545000000003,96,0.0,50.0,0.05024753138422966,640,0.11099179647862911,0.0001,-10.755441427230835,-12.367080211639404,0.01979159377515316,21940,,,
32442,335,-21.403876349999997,96,0.0,50.0,0.05025315284729004,650,0.10556735470890999,0.0001,-11.532979249954224,-11.652037858963013,0.021500398870557547,22440,,,
32942,342,-21.751403419999995,96,0.0,50.0,0.05026933550834656,660,0.10044277831912041,0.0001,-11.824861526489258,-10.980082750320435,0.016734076663851738,22940,,,
33442,348,-21.978668919999997,95,0.0,50.0,0.050268642604351044,670,0.09556876868009567,0.0001,-11.359400033950806,-10.330764770507812,0.012794865295290947,23440,,,
33942,354,-21.89062422,95,0.0,50.0,0.0502762496471405,680,0.09090905077755451,0.0001,-11.428213596343994,-9.693314552307129,0.015881814993917942,23940,,,
34442,360,-22.131661060000006,95,0.0,50.0,0.050288304686546326,690,0.08649363927543163,0.0001,-13.238199710845947,-9.242946147918701,0.019181009382009506,24440,,,
34942,367,-22.15152526,95,0.0,50.0,0.0502919964492321,700,0.08228352665901184,0.0001,-12.623816013336182,-8.645719766616821,0.013463303330354393,24940,,,
35442,372,-22.148388429999997,95,0.0,50.0,0.0502978079020977,710,0.07828414067626,0.0001,-12.16503095626831,-8.107494115829468,0.0161265404894948,25440,,,
35942,378,-22.390421449999998,94,0.0,50.0,0.05029349774122238,720,0.07448281161487103,0.0001,-12.641219854354858,-7.4852951765060425,0.049098414834588766,25940,,,
36442,385,-22.4729943,94,0.0,50.0,0.05030091851949692,730,0.07085488550364971,0.0001,-13.320707082748413,-7.047484755516052,0.019315788173116744,26440,,,
36942,391,-22.348710770000007,94,0.0,50.0,0.05030492693185806,740,0.0674185212701559,0.0001,-13.257431030273438,-6.531492233276367,0.010391785996034741,26940,,,
37442,396,-22.249914760000003,94,0.0,50.0,0.050310950726270676,750,0.06413815543055534,0.0001,-13.057098627090454,-6.039019346237183,0.008977856603451073,27440,,,
37942,402,-22.07143471,94,0.0,50.0,0.05031003803014755,760,0.061017053201794624,0.0001,-13.62100887298584,-5.65736985206604,0.053827831987291574,27940,,,
38442,408,-22.033165540000006,94,0.0,50.0,0.05030529946088791,770,0.058046283200383186,0.0001,-13.67934513092041,-5.122362017631531,0.12883384770248085,28440,,,
38942,414,-22.121381130000003,93,0.0,50.0,0.05030682682991028,780,0.055214895866811275,0.0001,-14.354865789413452,-4.8712769746780396,0.012703508604317904,28940,,,
39442,420,-21.827130560000004,93,0.0,50.0,0.05030710622668266,790,0.05253330897539854,0.0001,-14.298627853393555,-4.349241137504578,0.017732875887304544,29440,,,
39942,426,-21.930257810000008,93,0.0,50.0,0.05030156672000885,800,0.04996797163039446,0.0001,-13.94547724723816,-3.9500853419303894,0.029327899450436234,29940,,,
40000,,,,,,,,0.04969004448503256,0.0001,-15.367680072784424,-4.027762770652771,0.016449085203930736,29996,50.0,-21.450899449999998,0.0
40442,439,-21.644270199999998,92,0.0,50.0,0.050298016518354416,810,0.047537317499518394,0.0001,-14.693177938461304,-3.7272550463676453,0.014309933525510132,30440,,,
40942,445,-21.22511693,91,0.0,50.0,0.05029783397912979,820,0.045221355743706226,0.0001,-14.714352369308472,-3.315132200717926,0.04414730740245432,30940,,,
41442,451,-21.26346078,91,0.0,50.0,0.05029376596212387,830,0.04301054589450359,0.0001,-15.516218900680542,-3.0439268350601196,0.016111926292069256,31440,,,
41942,458,-21.4742996,91,0.0,50.0,0.050292305648326874,840,0.040926480665802956,0.0001,-15.30178451538086,-2.6830759048461914,0.047513216792140156,31940,,,
42442,464,-21.07430939,91,0.0,50.0,0.05030139535665512,850,0.03893430344760418,0.0001,-16.09522008895874,-2.4613131284713745,0.007239561819005758,32440,,,
42942,470,-21.01477632,91,0.0,50.0,0.05030287429690361,860,0.03704427648335695,0.0001,-15.695632696151733,-2.1545934081077576,0.0026104587595909834,32940,,,
43442,477,-20.77976807,91,0.0,50.0,0.05030910670757294,870,0.035241907462477684,0.0001,-15.537514448165894,-1.848923146724701,0.002487999328877777,33440,,,
43942,483,-20.3508406,90,0.0,50.0,0.05030686780810356,880,0.03352925926446915,0.0001,-16.583711624145508,-1.638331651687622,0.011375466012395918,33940,,,
44442,489,-20.172969270000003,90,0.0,50.0,0.05031001567840576,890,0.03189485799521208,0.0001,-16.33019733428955,-1.379110723733902,0.017288887116592377,34440,,,
44942,495,-19.83249419,90,0.0,50.0,0.05030981823801994,900,0.030343063175678253,0.0001,-17.2323260307312,-1.172364592552185,0.009465344017371535,34940,,,
45442,502,-19.896045790000002,90,0.0,50.0,0.050308164209127426,910,0.028867121785879135,0.0001,-18.428932189941406,-0.9339642226696014,0.014997339923866093,35440,,,
45942,508,-20.215463930000002,90,0.0,50.0,0.050310488790273666,920,0.02746485872194171,0.0001,-17.393043518066406,-0.7151884734630585,0.006172977387905121,35940,,,
46442,515,-19.92541249,90,0.0,50.0,0.05030675232410431,930,0.02612359169870615,0.0001,-18.347407817840576,-0.5342537313699722,0.019671564688906074,36440,,,
46942,521,-20.01022976,90,0.0,50.0,0.0503101572394371,940,0.02485504001379013,0.0001,-17.68197250366211,-0.27573496475815773,0.003069534373935312,36940,,,
47442,526,-20.36409222,90,0.0,50.0,0.05029962956905365,950,0.023642418440431356,0.0001,-18.63860559463501,-0.12189685180783272,0.0016314468521159142,37440,,,
47942,532,-20.55388103,89,0.0,50.0,0.050302326679229736,960,0.02249079803004861,0.0001,-17.528169631958008,0.15039997920393944,0.004808436206076294,37940,,,
48442,539,-20.45648148,89,0.0,50.0,0.05029367655515671,970,0.021400685887783766,0.0001,-18.767510414123535,0.33232925832271576,0.006255096290260553,38440,,,
48942,546,-21.340416329999996,89,0.0,50.0,0.05029721558094025,980,0.020363652613013983,0.0001,-18.898818492889404,0.46664056926965714,0.0036063694569747895,38940,,,
49442,552,-21.43828575,89,0.0,50.0,0.050292354077100754,990,0.019375501666218042,0.0001,-18.071507930755615,0.5588319674134254,0.005430829070974141,39440,,,
49942,558,-21.762616169999998,89,0.0,50.0,0.05029295012354851,1000,0.01843108981847763,0.0001,-18.247169017791748,0.7479250729084015,0.0024383675190620124,39940,,,
50442,565,-21.528860919999996,89,0.0,50.0,0.050284773111343384,1010,0.01753474585711956,0.0001,-18.745539665222168,0.8798360079526901,0.007837786222808063,40440,,,
50942,572,-21.404127759999998,89,0.0,50.0,0.05027791112661362,1020,0.01668426627293229,0.0001,-19.75173330307007,1.048628330230713,0.0018535230483394116,40940,,,
51442,579,-21.638275760000003,88,0.0,50.0,0.05027599260210991,1030,0.015871464274823666,0.0001,-20.725358963012695,1.1384706497192383,0.0032489822478964925,41440,,,
51942,586,-21.52654822,88,0.0,50.0,0.05026276037096977,1040,0.015103780897334218,0.0001,-19.898469924926758,1.2992124259471893,0.009720415226183832,41940,,,
52442,592,-21.57781925999999,88,0.0,50.0,0.05026579648256302,1050,0.014371085679158568,0.0001,-21.01194143295288,1.4079457819461823,0.002596996142528951,42440,,,
52942,599,-21.360378030000003,88,0.0,50.0,0.050261687487363815,1060,0.01367294229567051,0.0001,-20.623297691345215,1.518238753080368,0.0016581169911660254,42940,,,
53442,606,-21.36480793,88,0.0,50.0,0.050258569419384,1070,0.013012257171794772,0.0001,-20.41249370574951,1.6559536159038544,0.013888358604162931,43440,,,
53942,612,-20.603562590000003,88,0.0,50.0,0.050250884145498276,1080,0.012379927327856421,0.0001,-21.816476821899414,1.780876249074936,0.003799392201472074,43940,,,
54442,619,-20.301123620000002,87,0.0,50.0,0.05025262385606766,1090,0.011781957698985934,0.0001,-21.087829113006592,1.8794904053211212,0.0042427219450473785,44440,,,
54942,626,-20.173274820000003,87,0.0,50.0,0.0502481572329998,1100,0.011211093980818987,0.0001,-21.21110725402832,1.9418483972549438,0.0038884867390152067,44940,,,
55442,632,-20.539325360000003,87,0.0,50.0,0.050247740000486374,1110,0.010669094743207097,0.0001,-22.99959373474121,2.0645580887794495,0.003652920597232878,45440,,,
55942,639,-20.589879529999997,87,0.0,50.0,0.05023619532585144,1120,0.01015241234563291,0.0001,-20.74518394470215,2.182218372821808,0.014148635702440515,45940,,,
56442,644,-20.509076930000003,87,0.0,50.0,0.05024774372577667,1130,0.009664545068517327,0.0001,-23.80092144012451,2.2408230900764465,0.0017579677805770189,46440,,,
56942,650,-20.35094905,87,0.0,50.0,0.050245337188243866,1140,0.009196071652695537,0.0001,-24.80711793899536,2.299623489379883,0.0033123984758276492,46940,,,
57442,656,-20.08914863,87,0.0,50.0,0.05024455115199089,1150,0.008750813780352473,0.0001,-21.476337432861328,2.4229522943496704,0.028369228180963546,47440,,,
57942,662,-20.286151299999997,87,0.0,50.0,0.05023997277021408,1160,0.008329841308295727,0.0001,-21.96967124938965,2.523480474948883,0.02294135114061646,47940,,,
58442,668,-20.40608831,87,0.0,50.0,0.050233952701091766,1170,0.007930147927254438,0.0001,-22.880691528320312,2.5732723474502563,0.001667757096583955,48440,,,
58942,674,-20.669905129999997,87,0.0,50.0,0.0502280555665493,1180,0.007546071661636233,0.0001,-23.073405742645264,2.605419158935547,0.0013182721595512703,48940,,,
59442,680,-20.95972592,87,0.0,50.0,0.05021882802248001,1190,0.007181633380241692,0.0001,-20.940945625305176,2.679437816143036,0.0014776898024138063,49440,,,
59942,685,-20.71585911,87,0.0,50.0,0.05021503195166588,1200,0.006837793625891209,0.0001,-23.188663959503174,2.7662940621376038,0.0013519193744286895,49940,,,
60000,,,,,,,,0.006800492876209319,0.0001,-21.745378017425537,2.7605629563331604,0.004156439274083823,49996,50.0,-21.5416205,0.0
60442,697,-20.15680595,86,0.0,50.0,0.05020670220255852,1210,0.006509332335554063,0.0001,-22.975030422210693,2.782025635242462,0.00223120697773993,50440,,,
60942,703,-19.71071148,86,0.0,50.0,0.05019998550415039,1220,0.006197823444381356,0.0001,-23.57489252090454,2.856297254562378,0.002484292461303994,50940,,,
61442,709,-19.54369571,86,0.0,50.0,0.050196558237075806,1230,0.005902036442421377,0.0001,-21.421350955963135,2.8939937949180603,0.00677279316005297,51440,,,
61942,716,-19.727743590000003,86,0.0,50.0,0.050196003168821335,1240,0.0056214972864836454,0.0001,-22.46992063522339,2.9422650933265686,0.0011392879241611809,51940,,,
62442,722,-19.88320424,86,0.0,50.0,0.05019617825746536,1250,0.005353905609808862,0.0001,-22.319782257080078,2.9682801365852356,0.006513086496852338,52440,,,
62942,728,-19.81076041,86,0.0,50.0,0.050194382667541504,1260,0.005100265727378428,0.0001,-22.825448513031006,3.0109010338783264,0.0018410356424283236,52940,,,
63442,734,-19.469476659999998,86,0.0,50.0,0.05019234120845795,1270,0.004857563530094922,0.0001,-23.52385663986206,3.0755534172058105,0.0022353166714310646,53440,,,
63942,740,-19.11240607,86,0.0,50.0,0.05019540712237358,1280,0.00462659215554595,0.0001,-23.87561845779419,3.0721686482429504,0.0019280642736703157,53940,,,
64442,746,-18.62951271,86,0.0,50.0,0.05019593983888626,1290,0.0044076223857700825,0.0001,-20.322631359100342,3.126989483833313,0.004838199238292873,54440,,,
64942,752,-18.91008115,86,0.0,50.0,0.050197359174489975,1300,0.004198413575068116,0.0001,-24.171449661254883,3.118013024330139,0.007990193989826366,54940,,,
65442,759,-19.588180339999997,86,0.0,50.0,0.05018021911382675,1310,0.004000033484771848,0.0001,-22.781031608581543,3.167186737060547,0.0015417184768011793,55440,,,
65942,765,-19.740365609999998,86,0.0,50.0,0.05017828196287155,1320,0.0038099202211014926,0.0001,-22.560274600982666,3.267815113067627,0.006857563304947689,55940,,,
66442,771,-19.647390740000002,86,0.0,50.0,0.05016946792602539,1330,0.0036292955628596246,0.0001,-22.53756332397461,3.255467653274536,0.0010805310594150797,56440,,,
66942,777,-20.34784891,86,0.0,50.0,0.05016336962580681,1340,0.0034578927443362772,0.0001,-22.924627780914307,3.3016825914382935,0.001621513845748268,56940,,,
67442,783,-20.19945369,86,0.0,50.0,0.050155073404312134,1350,0.0032952582114376128,0.0001,-20.852173805236816,3.2689279913902283,0.003308494939119555,57440,,,
67942,790,-19.93879666,85,0.0,50.0,0.0501445047557354,1360,0.003139556385576725,0.0001,-26.460519313812256,3.3346431255340576,0.0013083714293316007,57940,,,
68442,796,-20.07307844,85,0.0,50.0,0.05013541504740715,1370,0.0029917553765699267,0.0001,-21.55022096633911,3.3528887033462524,0.0018933711398858577,58440,,,
68942,802,-20.54154922,85,0.0,50.0,0.05013518035411835,1380,0.0028510879492387176,0.0001,-24.55975341796875,3.351568102836609,0.0016253107896773145,58940,,,
69442,808,-21.333433570000008,85,0.0,50.0,0.05013120174407959,1390,0.002719312149565667,0.0001,-21.25368022918701,3.392854332923889,0.0013621983816847205,59440,,,
69942,814,-21.158540279999997,85,0.0,50.0,0.05012410134077072,1400,0.0025924344081431627,0.0001,-19.671890258789062,3.4031580090522766,0.0011942979035666212,59940,,,
70442,821,-21.24231667,85,0.0,50.0,0.05012495443224907,1410,0.002472624881193042,0.0001,-19.8558406829834,3.397503972053528,0.001592926331795752,60440,,,
70942,827,-21.193641570000004,85,0.0,50.0,0.05011609196662903,1420,0.002357526507694274,0.0001,-19.90772533416748,3.3976144790649414,0.0016060218476923183,60940,,,
71442,833,-21.68600693000001,85,0.0,50.0,0.0500921830534935,1430,0.0022484809742309153,0.0001,-21.370802402496338,3.3885194659233093,0.001219301571836695,61440,,,
71942,839,-20.59238558,85,0.0,50.0,0.050084423273801804,1440,0.002145016973372549,0.0001,-20.735190391540527,3.4107646346092224,0.009278726909542456,61940,,,
72442,845,-21.116004450000002,85,0.0,50.0,0.050065986812114716,1450,0.0020467054564505816,0.0001,-22.03559398651123,3.3982431888580322,0.002136794850230217,62440,,,
72942,851,-21.197829959999993,85,0.0,50.0,0.05003929138183594,1460,0.001952043327037245,0.0001,-21.844599723815918,3.4118326902389526,0.03777708509005606,62940,,,
73442,857,-20.98620192,85,0.0,50.0,0.050035566091537476,1470,0.0018638755136635154,0.0001,-18.444960117340088,3.478278160095215,0.0023858696804381907,63440,,,
73942,863,-21.117481440000002,85,0.0,50.0,0.050025325268507004,1480,0.0017794044979382306,0.0001,-16.62575387954712,3.469078004360199,0.002406707382760942,63940,,,
74442,870,-20.79990081,85,0.0,50.0,0.05002717301249504,1490,0.0017004507535602897,0.0001,-15.164104461669922,3.47769832611084,0.000927470187889412,64440,,,
74942,876,-20.52207148,85,0.0,50.0,0.050013136118650436,1500,0.0016215771029237658,0.0001,-15.57261610031128,3.438794195652008,0.0016006779915187508,64940,,,
75442,882,-20.226546589999998,85,0.0,50.0,0.05000590905547142,1510,0.0015517085266765207,0.0001,-15.082133293151855,3.4940773248672485,0.0014581483555957675,65440,,,
75942,887,-20.36563751,85,0.0,50.0,0.049983881413936615,1520,0.001483612199081108,0.0001,-16.86944055557251,3.428094506263733,0.009904446196742356,65940,,,
76442,893,-20.32021569,85,0.0,50.0,0.04996991902589798,1530,0.0014205840125214309,0.0001,-15.286301136016846,3.4805736541748047,0.003706099189002998,66440,,,
76942,899,-20.781850439999992,85,0.0,50.0,0.049957603216171265,1540,0.0013594010670203716,0.0001,-13.4304940700531,3.443161964416504,0.0012421107821865007,66940,,,
77442,905,-20.53590024,85,0.0,50.0,0.0499308817088604,1550,0.0013011267292313278,0.0001,-13.277305722236633,3.502444326877594,0.0063237472786568105,67440,,,
77942,910,-21.091011939999998,85,0.0,50.0,0.049906909465789795,1560,0.0012463841994758695,0.0001,-11.470294117927551,3.449096143245697,0.0015813714417163283,67940,,,
78442,916,-21.58779724,85,0.0,50.0,0.04987291619181633,1570,0.0011942231794819236,0.0001,-14.059268474578857,3.5077165961265564,0.0030554335680790246,68440,,,
78942,922,-21.453628279999997,85,0.0,50.0,0.04984031617641449,1580,0.0011440948292147368,0.0001,-11.377082824707031,3.456671953201294,0.0016666148148942739,68940,,,
79442,928,-21.919319330000004,85,0.0,50.0,0.04981253296136856,1590,0.0010958534257952124,0.0001,-11.37932825088501,3.4585248827934265,0.008951155905378982,69440,,,
79942,934,-22.103481209999998,85,0.0,50.0,0.04980092495679855,1600,0.0010500629432499409,0.0001,-9.936027765274048,3.429555833339691,0.0010732882510637864,69940,,,
80000,,,,,,,,0.0010448344401083887,0.0001,-11.08241057395935,3.4591217041015625,0.0016116260376293212,69996,50.0,-22.702209000000003,0.0
80442,946,-22.10347409,84,0.0,50.0,0.049770377576351166,1610,0.0010060776257887483,0.0001,-13.23561406135559,3.4194396138191223,0.001508826419012621,70440,,,
80942,952,-21.9424935,84,0.0,50.0,0.04974530637264252,1620,0.0009644531382946298,0.0001,-11.200512647628784,3.420241415500641,0.0014596292894566432,70940,,,
81442,958,-21.622115229999995,84,0.0,50.0,0.04971475526690483,1630,0.0009260506776627153,0.0001,-9.158987283706665,3.4065712690353394,0.0013985697296448052,71440,,,
81942,964,-20.94226665,84,0.0,50.0,0.04966643452644348,1640,0.0008895488863345236,0.0001,-4.046059787273407,3.397863507270813,0.004703161248471588,71940,,,
82442,971,-21.227199940000002,84,0.0,50.0,0.04962262138724327,1650,0.0008546399913029745,0.0001,-9.689936637878418,3.4386711716651917,0.0012521506869234145,72440,,,
82942,978,-21.026207279999998,84,0.0,50.0,0.04958271235227585,1660,0.000821487934445031,0.0001,-9.147431254386902,3.452808916568756,0.002610705851111561,72940,,,
83442,985,-20.59695523,84,0.0,50.0,0.04955095052719116,1670,0.0007919748750282452,0.0001,-10.176910281181335,3.43192857503891,0.0035799422184936702,73440,,,
83942,992,-20.76723192,84,0.0,50.0,0.04950813949108124,1680,0.0007621787226526067,0.0001,-12.228293716907501,3.4307605028152466,0.004610192409018055,73940,,,
84442,998,-20.49128289,84,0.0,50.0,0.049462806433439255,1690,0.0007343701436184347,0.0001,-6.946061849594116,3.405797302722931,0.0016746316687203944,74440,,,
84942,1004,-20.985144939999994,84,0.0,50.0,0.04944303631782532,1700,0.0007088179409038275,0.0001,-9.648949801921844,3.379194974899292,0.002524651732528582,74940,,,
85442,1010,-20.925878709999996,84,0.0,50.0,0.04939716309309006,1710,0.0006834303931100294,0.0001,-9.37103819847107,3.415618658065796,0.0012607824173755944,75440,,,
85942,1016,-21.280359619999995,84,0.0,50.0,0.049359895288944244,1720,0.0006590881675947458,0.0001,-1.9132480323314667,3.387200176715851,0.006498235132312402,75940,,,
86442,1022,-21.2015046,84,0.0,50.0,0.049311619251966476,1730,0.0006367086025420576,0.0001,-10.222615361213684,3.3376245498657227,0.0008859820081852376,76440,,,
86942,1028,-21.497315499999996,84,0.0,50.0,0.049267612397670746,1740,0.0006160659977467731,0.0001,-6.422472804784775,3.3766782879829407,0.005902500968659297,76940,,,
87442,1034,-20.80119278,84,0.0,50.0,0.04921400174498558,1750,0.0005951098282821476,0.0001,-5.023393750190735,3.443952262401581,0.0017155262030428275,77440,,,
87942,1040,-20.528297029999997,84,0.0,50.0,0.04916814714670181,1760,0.0005766932154074311,0.0001,-7.0158636048436165,3.3425655364990234,0.0015402619319502264,77940,,,
88442,1047,-20.73845464,84,0.0,50.0,0.04910985380411148,1770,0.0005594305839622393,0.0001,-3.326128229498863,3.341607093811035,0.0010524828248890117,78440,,,
88942,1054,-20.45041858,84,0.0,50.0,0.049064528197050095,1780,0.0005442381952889264,0.0001,-3.6472753435373306,3.3256084322929382,0.0018761564570013434,78940,,,
89442,1061,-20.53639532,84,0.0,50.0,0.04900854825973511,1790,0.0005291130801197141,0.0001,-1.5748993009328842,3.3349106907844543,0.002811225567711517,79440,,,
89942,1069,-20.11131641,84,0.0,50.0,0.04894295334815979,1800,0.0005151905497768894,0.0001,-0.3258734941482544,3.362069606781006,0.0012198125768918544,79940,,,
90442,1075,-20.39474536,84,0.0,50.0,0.04888458177447319,1810,0.0005032922927057371,0.0001,-4.2755988240242,3.384069561958313,0.0014158807753119618,80440,,,
90942,1082,-20.19723005,84,0.0,50.0,0.048830412328243256,1820,0.0004930772265652195,0.0001,-2.3597478568553925,3.314464569091797,0.0011553632357390597,80940,,,
91442,1089,-19.899796450000004,83,0.0,50.0,0.0487704873085022,1830,0.0004836906446143985,0.0001,-1.2813762426376343,3.373136878013611,0.0017947835731320083,81440,,,
91942,1095,-19.725761029999997,83,0.0,50.0,0.04872675985097885,1840,0.0004765069461427629,0.0001,-0.3692080229520798,3.323224365711212,0.0012670523865381256,81940,,,
92442,1101,-20.059692300000002,83,0.0,50.0,0.048670604825019836,1850,0.0004701586440205574,0.0001,0.3125033378601074,3.3359090089797974,0.0009499654552200809,82440,,,
92942,1107,-20.11127884,83,0.0,50.0,0.04861386865377426,1860,0.00046417114936048165,0.0001,-0.6810087487101555,3.305308699607849,0.0029320668836589903,82940,,,
93442,1113,-20.29486378,83,0.0,50.0,0.048564475029706955,1870,0.0004601623077178374,0.0001,-0.5772831439971924,3.2775810956954956,0.002397095871856436,83440,,,
93942,1119,-19.99417296,83,0.0,50.0,0.048505961894989014,1880,0.0004571007448248565,0.0001,-1.7164111733436584,3.2645872235298157,0.001194655487779528,83940,,,
94426,1125,-19.45947339,83,0.009999999776482582,49.84,0.04844885692000389,1890,0.0004541039379546419,0.0001,1.9682669639587402,3.2849265933036804,0.0011166897020302713,84424,,,
94926,1131,-19.57034696,83,0.009999999776482582,49.84,0.04838764667510986,1900,0.0004520193106145598,0.0001,1.7804815098643303,3.283347249031067,0.0014950756158214062,84924,,,
95426,1138,-19.317100670000002,83,0.009999999776482582,49.84,0.04833772033452988,1910,0.0004527544660959393,0.0001,1.3138730823993683,3.225710153579712,0.0010274945670971647,85424,,,
95926,1144,-19.04239838,83,0.009999999776482582,49.84,0.04828890413045883,1920,0.00045388872240437195,0.0001,-2.0397413671016693,3.2676661610603333,0.001675515522947535,85924,,,
96426,1150,-19.1711834,83,0.009999999776482582,49.84,0.04823824763298035,1930,0.00045710943231824785,0.0001,-0.9857402145862579,3.284708082675934,0.0023135349329095334,86424,,,
96926,1156,-19.71280637,83,0.009999999776482582,49.84,0.04819638282060623,1940,0.00046189409476937726,0.0001,0.9971306025981903,3.224785029888153,0.0019490198756102473,86924,,,
97426,1163,-19.62545576,83,0.009999999776482582,49.84,0.04815898835659027,1950,0.00046748496242798865,0.0001,-0.8897473067045212,3.2429606914520264,0.001957069878699258,87424,,,
