rollout/ep_len_mean,rollout/ep_rew_mean,time/episodes,rollout/success_rate,time/total_timesteps,time/time_elapsed,time/fps,train/std,train/actor_loss,train/ent_coef,train/learning_rate,train/ent_coef_loss,train/n_updates,train/critic_loss,eval/mean_ep_length,eval/mean_reward,eval/success_rate
50.0,-20.6290975,10,0.0,600,1,479,0.049787066876888275,,,,,,,,,
50.0,-20.95689075,20,0.0,1000,2,497,0.049787066876888275,,,,,,,,,
50.0,-20.3133783125,30,0.0,1600,3,521,0.049787066876888275,,,,,,,,,
50.0,-20.754372575,40,0.0,2000,3,529,0.049787066876888275,,,,,,,,,
50.0,-20.119194134615388,50,0.0,2600,4,539,0.049787066876888275,,,,,,,,,
50.0,-19.833653683333335,60,0.0,3000,5,542,0.049787066876888275,,,,,,,,,
50.0,-20.23691223611111,70,0.0,3600,6,548,0.049787066876888275,,,,,,,,,
50.0,-20.5304243375,80,0.0,4000,7,550,0.049787066876888275,,,,,,,,,
50.0,-20.699873282608692,90,0.0,4600,8,552,0.049787066876888275,,,,,,,,,
50.0,-20.840434639999998,100,0.0,5000,9,553,0.049787066876888275,,,,,,,,,
50.0,-20.63504828,110,0.0,5600,10,555,0.049787066876888275,,,,,,,,,
50.0,-20.6195496,120,0.0,6000,10,556,0.049787066876888275,,,,,,,,,
50.0,-20.95502055,130,0.0,6600,11,556,0.049787066876888275,,,,,,,,,
50.0,-20.77569443,140,0.0,7000,12,557,0.049787066876888275,,,,,,,,,
50.0,-21.339405730000003,150,0.0,7600,13,554,0.049787066876888275,,,,,,,,,
50.0,-21.543360099999994,160,0.0,8000,14,546,0.049787066876888275,,,,,,,,,
50.0,-21.402217469999997,170,0.0,8600,16,536,0.049787066876888275,,,,,,,,,
50.0,-21.98616644,180,0.0,9000,16,530,0.049787066876888275,,,,,,,,,
50.0,-22.016658740000004,190,0.0,9600,18,523,0.049787066876888275,,,,,,,,,
50.0,-22.2180006,200,0.0,10000,19,518,0.049787066876888275,,,,,,,,,
50.0,-22.533818110000002,210,0.0,10600,21,485,0.04985642433166504,4.648172378540039,1.0063725709915161,0.0001,0.007130759768188,149,1.2450944185256958,,,
50.0,-22.47816546,220,0.0,11000,23,470,0.04989231377840042,2.424978256225586,0.9980337619781494,0.0001,-0.006216500885784626,249,0.9577637910842896,,,
50.0,-22.61607012,230,0.0,11600,25,451,0.04993361234664917,0.28889068961143494,0.9773051738739014,0.0001,-0.08436235785484314,399,0.2051118016242981,,,
50.0,-22.7319929,240,0.0,12000,27,440,0.04995705187320709,-0.7069417238235474,0.9641442894935608,0.0001,-0.1398405134677887,499,0.2251971960067749,,,
50.0,-22.839860139999995,250,0.0,12600,29,425,0.049980081617832184,-2.6805624961853027,0.9454711675643921,0.0001,-0.23736757040023804,649,0.2798551321029663,,,
50.0,-23.213293600000007,260,0.0,13000,31,416,0.049992866814136505,-5.371123313903809,0.9339509010314941,0.0001,-0.3845493793487549,749,4.759886264801025,,,
50.0,-23.21013362,270,0.0,13600,33,405,0.05000554770231247,-6.160852432250977,0.9175190925598145,0.0001,-0.43863973021507263,899,0.8252622485160828,,,
50.0,-22.765297340000007,280,0.0,14000,35,398,0.050006937235593796,-7.090103626251221,0.9071395397186279,0.0001,-0.4704873561859131,999,0.23444302380084991,,,
50.0,-22.501559989999997,290,0.0,14600,37,389,0.05001453682780266,-8.637656211853027,0.8921218514442444,0.0001,-0.49057406187057495,1149,2.2545690536499023,,,
50.0,-22.26866043,300,0.0,15000,39,384,0.05001819133758545,-10.065011024475098,0.8824910521507263,0.0001,-0.619634747505188,1249,0.16500434279441833,,,
50.0,-22.237491980000005,310,0.0,15600,41,376,0.05001949518918991,-11.75156021118164,0.8682719469070435,0.0001,-0.706462025642395,1399,0.18921512365341187,,,
50.0,-22.226735569999995,320,0.0,16000,43,371,0.05002979561686516,-12.821792602539062,0.8590561151504517,0.0001,-0.7669615745544434,1499,0.5483614802360535,,,
50.0,-22.06543197,330,0.0,16600,45,366,0.05002802237868309,-14.454795837402344,0.8456136584281921,0.0001,-0.8629192113876343,1649,0.5542289614677429,,,
50.0,-21.90432243,340,0.0,17000,46,362,0.05003020167350769,-15.205177307128906,0.8367337584495544,0.0001,-0.952568769454956,1749,0.8310382962226868,,,
50.0,-21.58032826,350,0.0,17600,49,357,0.050033025443553925,-16.556598663330078,0.8237574100494385,0.0001,-0.848403811454773,1899,3.3498380184173584,,,
50.0,-20.985214389999996,360,0.0,18000,50,354,0.05003773421049118,-17.935325622558594,0.8152197599411011,0.0001,-1.0321719646453857,1999,0.2572764754295349,,,
50.0,-20.836725780000002,370,0.0,18600,53,350,0.050034891813993454,-18.916545867919922,0.8027333617210388,0.0001,-1.1331939697265625,2149,0.6741257905960083,,,
50.0,-20.525292480000005,380,0.0,19000,54,347,0.050029970705509186,-20.405929565429688,0.7946340441703796,0.0001,-1.1725621223449707,2249,1.9866842031478882,,,
50.0,-20.86734062,390,0.0,19600,56,344,0.05002695322036743,-20.45850944519043,0.7825124859809875,0.0001,-1.1763718128204346,2399,0.5930675864219666,,,
50.0,-20.958577679999998,400,0.0,20000,58,342,0.05003470182418823,-22.109668731689453,0.7745509147644043,0.0001,-1.350422739982605,2499,2.5958871841430664,,,
50.0,-21.061480940000006,410,0.0,20600,60,339,0.05003581568598747,-22.618886947631836,0.7628335356712341,0.0001,-1.2427735328674316,2649,0.7285022735595703,,,
50.0,-21.07791036,420,0.0,21000,62,337,0.05003738030791283,-23.496845245361328,0.7551133036613464,0.0001,-1.5001710653305054,2749,2.343085765838623,,,
50.0,-20.89685256,430,0.0,21600,64,334,0.05004047602415085,-25.005685806274414,0.7437235116958618,0.0001,-1.334993600845337,2899,1.153421401977539,,,
50.0,-21.106599199999994,440,0.0,22000,66,332,0.05003676936030388,-25.62430191040039,0.7361995577812195,0.0001,-1.4981738328933716,2999,0.432328999042511,,,
50.0,-21.08949358,450,0.0,22600,68,330,0.050042301416397095,-25.973459243774414,0.7252209782600403,0.0001,-1.6105167865753174,3149,0.6763533353805542,,,
50.0,-21.359001270000004,460,0.0,23000,69,329,0.050047796219587326,-26.263511657714844,0.7179857492446899,0.0001,-1.4159114360809326,3249,0.6044759154319763,,,
50.0,-21.545645129999993,470,0.0,23600,72,326,0.050046347081661224,-27.27568817138672,0.7071707844734192,0.0001,-1.511993408203125,3399,0.3423423171043396,,,
50.0,-21.3941208,480,0.0,24000,73,325,0.05005260556936264,-28.156272888183594,0.7000902891159058,0.0001,-1.9207546710968018,3499,0.7094209790229797,,,
50.0,-21.127390029999997,490,0.0,24600,76,323,0.050053246319293976,-28.422950744628906,0.6894786357879639,0.0001,-1.5343124866485596,3649,3.7025296688079834,,,
50.0,-21.106753100000002,500,0.0,25000,77,321,0.050056736916303635,-29.331361770629883,0.6826549768447876,0.0001,-1.796519160270691,3749,2.5377752780914307,,,
50.0,-20.80194545,510,0.0,25600,79,320,0.05004945024847984,-29.129043579101562,0.6724824905395508,0.0001,-1.6869291067123413,3899,3.0347847938537598,,,
50.0,-20.86058736,520,0.0,26000,81,319,0.05005735903978348,-29.861461639404297,0.6657930612564087,0.0001,-2.010010242462158,3999,0.4546872675418854,,,
50.0,-20.86548811,530,0.0,26600,83,317,0.05006774514913559,-30.51671600341797,0.6557937264442444,0.0001,-1.9967844486236572,4149,0.2853434681892395,,,
50.0,-20.94329786,540,0.0,27000,85,316,0.05006469041109085,-31.16045379638672,0.6493087410926819,0.0001,-2.1293442249298096,4249,3.4114022254943848,,,
50.0,-21.328808299999995,550,0.0,27600,87,315,0.050074007362127304,-32.01381301879883,0.6396283507347107,0.0001,-2.3332550525665283,4399,0.37758031487464905,,,
50.0,-21.191989120000002,560,0.0,28000,89,314,0.05007045716047287,-31.666698455810547,0.6332647800445557,0.0001,-2.0553689002990723,4499,5.152788162231445,,,
50.0,-21.1041727,570,0.0,28600,91,313,0.050073277205228806,-32.246788024902344,0.6237936019897461,0.0001,-2.3310861587524414,4649,0.3488394021987915,,,
50.0,-21.22380931,580,0.0,29000,92,312,0.05006737634539604,-32.6722297668457,0.6176543831825256,0.0001,-2.419159412384033,4749,0.40061771869659424,,,
50.0,-21.099284589999996,590,0.0,29600,95,311,0.05006590485572815,-32.53759002685547,0.6084792613983154,0.0001,-2.2182347774505615,4899,0.47943776845932007,,,
50.0,-20.614050699999996,600,0.0,30000,96,310,0.050073832273483276,-33.464630126953125,0.6024720072746277,0.0001,-2.775059700012207,4999,0.29063594341278076,,,
50.0,-20.82905765,610,0.0,30600,98,309,0.05008063465356827,-33.89775848388672,0.5934721827507019,0.0001,-2.834141254425049,5149,0.5043991804122925,,,
50.0,-20.435162560000002,620,0.0,31000,100,308,0.05008464679121971,-33.50773620605469,0.5875667929649353,0.0001,-2.5724520683288574,5249,0.3663463592529297,,,
50.0,-20.467563410000004,630,0.0,31600,102,307,0.05008552595973015,-34.36669921875,0.5788275003433228,0.0001,-2.5839781761169434,5399,0.3574482500553131,,,
50.0,-20.453846860000002,640,0.0,32000,104,307,0.05008406564593315,-33.50003433227539,0.5730533003807068,0.0001,-2.5545835494995117,5499,0.5193273425102234,,,
50.0,-19.78093777,650,0.0,32600,106,305,0.05008336156606674,-34.5412712097168,0.5644842982292175,0.0001,-2.758683681488037,5649,0.23522329330444336,,,
50.0,-19.755556709999997,660,0.0,33000,108,305,0.05008349567651749,-34.71689987182617,0.5588734149932861,0.0001,-2.6474761962890625,5749,2.6249732971191406,,,
50.0,-20.000917540000003,670,0.0,33600,110,304,0.050087712705135345,-35.0322265625,0.5506137013435364,0.0001,-2.8475465774536133,5899,0.2197444885969162,,,
50.0,-20.15596277,680,0.0,34000,111,304,0.05008992552757263,-34.824302673339844,0.5451443791389465,0.0001,-3.119819164276123,5999,0.5305966138839722,,,
50.0,-20.1709741,690,0.0,34600,114,303,0.05009275674819946,-34.997222900390625,0.5370583534240723,0.0001,-2.975480318069458,6149,1.5604286193847656,,,
50.0,-20.631336080000004,700,0.0,35000,115,302,0.05009731277823448,-34.75274658203125,0.5317080020904541,0.0001,-3.3552091121673584,6249,0.5752344131469727,,,
50.0,-20.51017616,710,0.0,35600,117,301,0.05009966343641281,-34.70928192138672,0.5237712860107422,0.0001,-2.9903745651245117,6399,10.400787353515625,,,
50.0,-20.789013780000005,720,0.0,36000,119,301,0.05010330677032471,-36.29845428466797,0.5185363292694092,0.0001,-4.115907669067383,6499,0.4860909581184387,,,
50.0,-20.77301895,730,0.0,36600,121,300,0.050099246203899384,-35.23298645019531,0.5108275413513184,0.0001,-3.4572508335113525,6649,3.0730786323547363,,,
50.0,-20.437943550000004,740,0.0,37000,123,300,0.050099652260541916,-35.004295349121094,0.5057392716407776,0.0001,-3.0522751808166504,6749,0.3521232604980469,,,
50.0,-20.42163024,750,0.0,37600,125,299,0.05010724067687988,-35.317203521728516,0.4982508420944214,0.0001,-3.4948253631591797,6899,0.24957861006259918,,,
50.0,-20.61954137,760,0.0,38000,127,299,0.05010718107223511,-35.79860305786133,0.4933018386363983,0.0001,-3.591423511505127,6999,6.452361106872559,,,
50.0,-20.59480317,770,0.0,38600,129,298,0.05011184141039848,-35.42535400390625,0.48593002557754517,0.0001,-3.465765953063965,7149,0.23229068517684937,,,
50.0,-20.610336829999998,780,0.0,39000,130,298,0.0501207634806633,-35.81614685058594,0.48110243678092957,0.0001,-3.8596229553222656,7249,0.217685729265213,,,
50.0,-20.57703121,790,0.0,39600,133,297,0.050117604434490204,-35.05625915527344,0.47396084666252136,0.0001,-3.6647026538848877,7399,0.20591367781162262,,,
50.0,-20.38260701,800,0.0,40000,134,296,0.05012161657214165,-35.699440002441406,0.46930235624313354,0.0001,-3.8904733657836914,7499,0.2163175791501999,,,
50.0,-20.81643489,810,0.0,40600,136,296,0.05012296885251999,-35.08317565917969,0.46230486035346985,0.0001,-3.5978546142578125,7649,0.29194676876068115,,,
50.0,-20.55228297,820,0.0,41000,138,295,0.0501212403178215,-35.49142837524414,0.4577426016330719,0.0001,-3.6926002502441406,7749,0.15581588447093964,,,
50.0,-20.68176178,830,0.0,41600,140,295,0.05012970417737961,-35.2320442199707,0.4509439766407013,0.0001,-4.037243843078613,7899,0.7586467862129211,,,
50.0,-20.924236810000004,840,0.0,42000,142,294,0.05013313144445419,-35.121910095214844,0.44642946124076843,0.0001,-4.021971702575684,7999,0.21838496625423431,,,
50.0,-21.32818404,850,0.0,42600,144,294,0.05013418197631836,-35.13771057128906,0.43984636664390564,0.0001,-4.020171165466309,8149,0.18901461362838745,,,
50.0,-21.489969140000003,860,0.0,43000,146,294,0.05013458430767059,-34.962257385253906,0.43545791506767273,0.0001,-4.05360221862793,8249,0.20821170508861542,,,
50.0,-21.264750720000002,870,0.0,43600,148,293,0.050136249512434006,-34.61901092529297,0.42893847823143005,0.0001,-3.5666537284851074,8399,0.168278306722641,,,
50.0,-20.966775000000005,880,0.0,44000,149,293,0.05014343187212944,-34.738853454589844,0.42475229501724243,0.0001,-4.291143894195557,8499,0.4082166254520416,,,
50.0,-20.88639639,890,0.0,44600,152,292,0.050144292414188385,-34.263648986816406,0.4184231460094452,0.0001,-3.6624162197113037,8649,0.16395673155784607,,,
50.0,-20.656727059999998,900,0.0,45000,153,292,0.05014529824256897,-34.6944580078125,0.41428160667419434,0.0001,-4.443967342376709,8749,0.16897515952587128,,,
50.0,-20.058755980000004,910,0.0,45600,156,292,0.0501481257379055,-33.902244567871094,0.4081171751022339,0.0001,-4.144621849060059,8899,0.14647512137889862,,,
50.0,-20.42360302,920,0.0,46000,157,291,0.05014931410551071,-34.10369110107422,0.40406152606010437,0.0001,-4.243740558624268,8999,0.1426151543855667,,,
50.0,-20.36283203,930,0.0,46600,159,291,0.05016251653432846,-34.239776611328125,0.3980640172958374,0.0001,-4.4239583015441895,9149,0.14144381880760193,,,
50.0,-20.422654570000002,940,0.0,47000,161,291,0.0501614585518837,-34.29035568237305,0.39407169818878174,0.0001,-4.771038055419922,9249,0.1393834501504898,,,
50.0,-20.26748715,950,0.0,47600,163,290,0.05015574023127556,-33.86212158203125,0.3882266879081726,0.0001,-4.896702289581299,9399,9.215250015258789,,,
50.0,-19.96213324,960,0.0,48000,165,290,0.05016423389315605,-33.428855895996094,0.384394109249115,0.0001,-4.7240800857543945,9499,0.18581333756446838,,,
50.0,-20.034443369999998,970,0.0,48600,167,289,0.050164543092250824,-33.40208435058594,0.37868085503578186,0.0001,-4.711666107177734,9649,0.13697563111782074,,,
50.0,-20.35282405,980,0.0,49000,169,289,0.05016852915287018,-33.373260498046875,0.37491220235824585,0.0001,-5.11522912979126,9749,0.15025177597999573,,,
50.0,-20.62005142,990,0.0,49600,171,289,0.050174444913864136,-33.21155548095703,0.3693304657936096,0.0001,-4.90231990814209,9899,0.201636403799057,,,
50.0,-20.917047359999998,1000,0.0,50000,173,288,0.050173185765743256,-32.8521728515625,0.36565473675727844,0.0001,-4.512966156005859,9999,0.6054425835609436,,,
50.0,-21.162575389999997,1010,0.0,50600,175,288,0.050171397626399994,-32.617034912109375,0.3601934313774109,0.0001,-4.7346882820129395,10149,0.11271955072879791,,,
50.0,-20.959352560000003,1020,0.0,51000,176,288,0.050176553428173065,-32.498741149902344,0.35663601756095886,0.0001,-4.864195346832275,10249,0.11611062288284302,,,
50.0,-20.83005567,1030,0.0,51600,179,288,0.05018186569213867,-32.575862884521484,0.35131996870040894,0.0001,-5.62502384185791,10399,0.1246819868683815,,,
50.0,-20.866625750000004,1040,0.0,52000,180,287,0.05017554759979248,-31.982370376586914,0.3478279709815979,0.0001,-5.198755741119385,10499,0.12532563507556915,,,
50.0,-20.96077005,1050,0.0,52600,182,287,0.05017925426363945,-31.855716705322266,0.3426344394683838,0.0001,-5.0168609619140625,10649,0.16677671670913696,,,
50.0,-20.976427989999998,1060,0.0,53000,184,287,0.05018305033445358,-31.693607330322266,0.3392215371131897,0.0001,-5.560060501098633,10749,1.003009557723999,,,
49.67,-21.04944053,1070,0.009999999776482582,53600,186,286,0.050179582089185715,-31.408594131469727,0.33418503403663635,0.0001,-5.604593753814697,10899,0.29025357961654663,,,
49.67,-21.139492040000004,1080,0.009999999776482582,54000,188,286,0.050181470811367035,-31.150930404663086,0.33085280656814575,0.0001,-5.77056884765625,10999,0.28198766708374023,,,
49.67,-21.06554802,1090,0.009999999776482582,54600,190,286,0.05018419027328491,-31.044504165649414,0.3259620666503906,0.0001,-5.408662796020508,11149,0.11903229355812073,,,
49.67,-21.122277730000004,1100,0.009999999776482582,55000,192,286,0.050188299268484116,-30.79073715209961,0.3227069675922394,0.0001,-5.744393348693848,11249,0.0962238609790802,,,
49.67,-21.097024310000002,1110,0.009999999776482582,55600,194,285,0.05018415302038193,-30.536357879638672,0.3179127275943756,0.0001,-5.737520217895508,11399,0.09861291944980621,,,
49.67,-21.305336770000004,1120,0.009999999776482582,56000,196,285,0.050192028284072876,-30.577919006347656,0.31475502252578735,0.0001,-5.799277305603027,11499,0.07730786502361298,,,
49.67,-21.363436359999994,1130,0.009999999776482582,56600,198,285,0.05019232630729675,-29.56832504272461,0.3100683093070984,0.0001,-5.097856521606445,11649,0.11725352704524994,,,
49.67,-21.360540970000002,1140,0.009999999776482582,57000,199,285,0.05019672214984894,-30.245054244995117,0.3069619834423065,0.0001,-6.156749248504639,11749,0.06722234189510345,,,
49.67,-21.208600749999995,1150,0.009999999776482582,57600,202,284,0.05020006000995636,-29.53961944580078,0.302368700504303,0.0001,-5.994277000427246,11899,0.08291441947221756,,,
49.67,-21.168864010000004,1160,0.009999999776482582,58000,203,284,0.05019764602184296,-29.373300552368164,0.29936373233795166,0.0001,-6.265792369842529,11999,0.08785632252693176,,,
50.0,-21.282460680000003,1170,0.0,58600,206,284,0.050195418298244476,-29.248645782470703,0.29490914940834045,0.0001,-6.691529273986816,12149,0.12169929593801498,,,
50.0,-21.40464096,1180,0.0,59000,207,284,0.050201889127492905,-29.16813850402832,0.2919965088367462,0.0001,-5.854687690734863,12249,0.090683214366436,,,
50.0,-21.39426983,1190,0.0,59600,209,283,0.05020584166049957,-28.62320327758789,0.2876857817173004,0.0001,-6.146413803100586,12399,0.07945196330547333,,,
50.0,-21.344215549999994,1200,0.0,60000,211,283,0.05020624399185181,-28.644874572753906,0.2848283350467682,0.0001,-6.2530927658081055,12499,0.06891538947820663,,,
50.0,-21.373644130000002,1210,0.0,60600,213,283,0.05020352825522423,-28.322385787963867,0.2806088924407959,0.0001,-7.748020172119141,12649,0.1916441023349762,,,
50.0,-21.039196559999997,1220,0.0,61000,215,283,0.050204962491989136,-28.00904655456543,0.2778203785419464,0.0001,-6.319723129272461,12749,0.06519955396652222,,,
50.0,-20.808757810000003,1230,0.0,61600,217,282,0.050200577825307846,-27.52948760986328,0.2736934423446655,0.0001,-6.2734174728393555,12899,3.1365866661071777,,,
50.0,-20.51182198,1240,0.0,62000,219,282,0.05020520091056824,-27.592845916748047,0.2709607183933258,0.0001,-7.2687225341796875,12999,0.17842042446136475,,,
50.0,-20.487546379999998,1250,0.0,62600,221,282,0.050211355090141296,-27.150480270385742,0.2669402062892914,0.0001,-6.725154399871826,13149,0.058045320212841034,,,
50.0,-20.8921499,1260,0.0,63000,223,282,0.050217535346746445,-26.701045989990234,0.2642771601676941,0.0001,-5.618368148803711,13249,0.09038195013999939,,,
50.0,-20.60014545,1270,0.0,63600,225,282,0.05022066831588745,-26.743789672851562,0.2603611648082733,0.0001,-6.691129207611084,13399,0.07235167920589447,,,
50.0,-20.416522,1280,0.0,64000,226,282,0.05021766945719719,-26.346717834472656,0.25779902935028076,0.0001,-6.768345832824707,13499,0.06323809921741486,,,
50.0,-20.52615964,1290,0.0,64600,229,281,0.05021938681602478,-26.303478240966797,0.25396400690078735,0.0001,-7.580235481262207,13649,0.07888178527355194,,,
50.0,-20.49584476,1300,0.0,65000,230,281,0.05021847411990166,-26.358234405517578,0.25143706798553467,0.0001,-8.042750358581543,13749,0.14394629001617432,,,
50.0,-20.45989302,1310,0.0,65600,232,281,0.050227873027324677,-25.54688262939453,0.24771137535572052,0.0001,-6.739009857177734,13899,0.07450816035270691,,,
50.0,-20.901149919999998,1320,0.0,66000,234,281,0.050225213170051575,-25.492517471313477,0.2452671378850937,0.0001,-7.1857709884643555,13999,0.05821356922388077,,,
50.0,-21.149897239999994,1330,0.0,66600,236,281,0.05022711306810379,-25.206769943237305,0.2416335791349411,0.0001,-7.1955461502075195,14149,0.06300251185894012,,,
50.0,-21.297907690000002,1340,0.0,67000,238,281,0.05022710561752319,-24.96713638305664,0.23921623826026917,0.0001,-6.612720489501953,14249,0.15183806419372559,,,
50.0,-21.511317729999995,1350,0.0,67600,240,280,0.050231944769620895,-24.990299224853516,0.2356477677822113,0.0001,-7.3448662757873535,14399,0.037877775728702545,,,
50.0,-20.973704400000003,1360,0.0,68000,242,280,0.05023064464330673,-24.46006202697754,0.23329882323741913,0.0001,-6.6839447021484375,14499,0.10144414007663727,,,
50.0,-20.970823290000002,1370,0.0,68600,244,280,0.05023154616355896,-24.114990234375,0.22981348633766174,0.0001,-7.656981468200684,14649,0.06775590032339096,,,
50.0,-20.752462060000003,1380,0.0,69000,245,280,0.050231918692588806,-24.093549728393555,0.22751504182815552,0.0001,-7.492328643798828,14749,0.03878771513700485,,,
50.0,-21.136117319999997,1390,0.0,69600,248,280,0.05023515224456787,-23.64771270751953,0.22413671016693115,0.0001,-7.172037124633789,14899,0.05243467539548874,,,
50.0,-21.120255600000004,1400,0.0,70000,249,280,0.05023769661784172,-23.482189178466797,0.22193914651870728,0.0001,-7.016188621520996,14999,0.05462884157896042,,,
50.0,-21.19376684,1410,0.0,70600,251,280,0.050244174897670746,-23.113834381103516,0.21864823997020721,0.0001,-7.959811687469482,15149,0.065711110830307,,,
50.0,-21.01614224,1420,0.0,71000,253,280,0.05024190992116928,-23.179780960083008,0.21648195385932922,0.0001,-7.398199081420898,15249,0.03468891233205795,,,
50.0,-21.248124699999998,1430,0.0,71600,255,279,0.05023932456970215,-22.469684600830078,0.21324895322322845,0.0001,-6.883105278015137,15399,0.04273784160614014,,,
50.0,-21.354770470000002,1440,0.0,72000,257,279,0.05024257302284241,-22.515342712402344,0.21112118661403656,0.0001,-7.810548305511475,15499,0.04083146154880524,,,
50.0,-21.326304959999998,1450,0.0,72600,259,279,0.0502408891916275,-22.21710968017578,0.20797857642173767,0.0001,-7.835239410400391,15649,0.03467030078172684,,,
50.0,-21.670778499999997,1460,0.0,73000,261,279,0.050244253128767014,-22.216861724853516,0.2059105932712555,0.0001,-8.705246925354004,15749,0.04087726026773453,,,
50.0,-21.88190235,1470,0.0,73600,263,279,0.050244610756635666,-21.618701934814453,0.20282936096191406,0.0001,-7.369420051574707,15899,0.04640556871891022,,,
50.0,-22.01543823,1480,0.0,74000,265,279,0.05024631321430206,-21.519733428955078,0.20081593096256256,0.0001,-7.322067737579346,15999,0.02859421819448471,,,
50.0,-21.526051670000005,1490,0.0,74600,267,278,0.050246741622686386,-21.43173599243164,0.19783388078212738,0.0001,-8.532938003540039,16149,0.042737532407045364,,,
50.0,-21.57146905,1500,0.0,75000,268,278,0.05025136470794678,-21.272287368774414,0.19587190449237823,0.0001,-8.14840030670166,16249,0.032073117792606354,,,
50.0,-21.25800657,1510,0.0,75600,271,278,0.050253987312316895,-20.830785751342773,0.19295941293239594,0.0001,-7.450570583343506,16399,0.04738973081111908,,,
50.0,-21.09214841,1520,0.0,76000,272,278,0.05025963485240936,-20.673583984375,0.19103340804576874,0.0001,-8.172449111938477,16499,0.0515085905790329,,,
50.0,-20.793698850000002,1530,0.0,76600,275,278,0.05025763437151909,-20.378530502319336,0.18820495903491974,0.0001,-8.023377418518066,16649,0.029451420530676842,,,
50.0,-20.52510859,1540,0.0,77000,276,278,0.05025750398635864,-20.190027236938477,0.1863369196653366,0.0001,-7.752712726593018,16749,0.31735002994537354,,,
50.0,-20.351836919999997,1550,0.0,77600,279,278,0.050263844430446625,-20.094776153564453,0.18356983363628387,0.0001,-8.642804145812988,16899,0.028445400297641754,,,
50.0,-20.434553360000002,1560,0.0,78000,280,278,0.05026022344827652,-19.831188201904297,0.18174391984939575,0.0001,-8.735357284545898,16999,0.035980746150016785,,,
50.0,-20.02950827,1570,0.0,78600,282,277,0.05026128143072128,-19.484420776367188,0.17904454469680786,0.0001,-8.527694702148438,17149,0.024480966851115227,,,
50.0,-20.145858999999998,1580,0.0,79000,284,277,0.05026087164878845,-19.343955993652344,0.17726685106754303,0.0001,-8.51930046081543,17249,0.024968143552541733,,,
50.0,-20.45285328,1590,0.0,79600,286,277,0.05026373267173767,-19.05481719970703,0.17464667558670044,0.0001,-9.213101387023926,17399,0.023583224043250084,,,
,,,,80000,,,,-18.87148666381836,0.17291943728923798,0.0001,-9.02148151397705,17499,0.04711046814918518,50.0,-20.756651249999997,0.0
50.0,-20.35337309,1600,0.0,80000,294,271,0.0502685010433197,,,,,,,,,
49.72,-20.30370768,1610,0.009999999776482582,80488,296,271,0.05026700347661972,-18.666187286376953,0.1708206981420517,0.0001,-8.97706413269043,17621,0.02340385690331459,,,
49.72,-20.409689,1620,0.009999999776482582,81000,298,271,0.05026458948850632,-18.51557159423828,0.16864155232906342,0.0001,-8.942816734313965,17749,0.028144512325525284,,,
49.72,-20.63082757,1630,0.009999999776482582,81488,299,271,0.05026404187083244,-18.073110580444336,0.16659821569919586,0.0001,-8.346612930297852,17871,0.02762708254158497,,,
49.72,-20.89787848,1640,0.009999999776482582,82000,301,271,0.0502733513712883,-17.955787658691406,0.16448573768138885,0.0001,-9.133188247680664,17999,0.021751105785369873,,,
49.72,-21.003577359999998,1650,0.009999999776482582,82488,303,271,0.05027449131011963,-17.714942932128906,0.16249415278434753,0.0001,-7.871072292327881,18121,0.04582272469997406,,,
49.72,-20.54549862,1660,0.009999999776482582,83000,305,271,0.050272904336452484,-17.604877471923828,0.16043156385421753,0.0001,-9.190244674682617,18249,0.022541407495737076,,,
49.72,-20.77701274,1670,0.009999999776482582,83488,307,271,0.05027764290571213,-17.30303955078125,0.15849614143371582,0.0001,-8.723016738891602,18371,0.026534464210271835,,,
49.72,-20.8534595,1680,0.009999999776482582,84000,309,271,0.05027912184596062,-17.196189880371094,0.15648944675922394,0.0001,-9.425905227661133,18499,0.01793183758854866,,,
49.72,-20.78925816,1690,0.009999999776482582,84488,311,271,0.05028131604194641,-17.049049377441406,0.1545964926481247,0.0001,-9.182624816894531,18621,0.021791692823171616,,,
49.72,-20.95143237,1700,0.009999999776482582,85000,313,271,0.05027874931693077,-16.793533325195312,0.15262944996356964,0.0001,-9.768582344055176,18749,0.021248633041977882,,,
50.0,-20.96009525,1710,0.0,85488,315,271,0.05028083920478821,-16.578350067138672,0.15077923238277435,0.0001,-9.546106338500977,18871,0.07259666919708252,,,
50.0,-21.268872130000005,1720,0.0,86000,317,271,0.05027671903371811,-16.429790496826172,0.14885768294334412,0.0001,-10.804939270019531,18999,0.028658952564001083,,,
50.0,-21.147100310000006,1730,0.0,86488,319,271,0.05028271675109863,-16.258190155029297,0.14705954492092133,0.0001,-10.065052032470703,19121,0.3935757279396057,,,
50.0,-21.211574279999994,1740,0.0,87000,321,271,0.05028610676527023,-15.942975997924805,0.14518290758132935,0.0001,-9.341869354248047,19249,0.019344709813594818,,,
50.0,-21.42011613,1750,0.0,87488,322,270,0.0502849817276001,-15.828868865966797,0.14342328906059265,0.0001,-9.838536262512207,19371,0.039716824889183044,,,
50.0,-21.638603270000004,1760,0.0,88000,324,270,0.050283901393413544,-15.540128707885742,0.14159798622131348,0.0001,-10.543326377868652,19499,0.02294478937983513,,,
50.0,-21.75734709,1770,0.0,88488,326,270,0.05028776824474335,-15.27767562866211,0.1398969441652298,0.0001,-9.30112075805664,19621,0.147493377327919,,,
50.0,-21.69440478,1780,0.0,89000,328,270,0.050293441861867905,-15.180120468139648,0.13811887800693512,0.0001,-10.210108757019043,19749,0.07876698672771454,,,
50.0,-21.83005502,1790,0.0,89488,330,270,0.0502910390496254,-14.926959991455078,0.136449933052063,0.0001,-9.4009370803833,19871,0.013919947668910027,,,
50.0,-21.755192650000005,1800,0.0,90000,332,270,0.05029536411166191,-14.737346649169922,0.13471175730228424,0.0001,-9.913704872131348,19999,0.014366625808179379,,,
50.0,-21.88822035000001,1810,0.0,90488,334,270,0.05029286444187164,-14.629484176635742,0.13307926058769226,0.0001,-9.496524810791016,20121,0.016859784722328186,,,
50.0,-21.787398800000002,1820,0.0,91000,336,270,0.05029703676700592,-14.320901870727539,0.13139107823371887,0.0001,-10.023354530334473,20249,0.012457421980798244,,,
50.0,-21.78344687,1830,0.0,91488,338,270,0.050300389528274536,-14.168783187866211,0.12980124354362488,0.0001,-10.123920440673828,20371,0.4588310420513153,,,
50.0,-21.613263850000003,1840,0.0,92000,340,270,0.05029815435409546,-13.929792404174805,0.12814325094223022,0.0001,-10.188461303710938,20499,0.012021861970424652,,,
50.0,-21.547643089999998,1850,0.0,92488,342,270,0.050296030938625336,-13.783891677856445,0.1265832930803299,0.0001,-10.754539489746094,20621,0.045604005455970764,,,
50.0,-21.6626628,1860,0.0,93000,344,270,0.05029559135437012,-13.636618614196777,0.1249857172369957,0.0001,-10.276095390319824,20749,0.011131659150123596,,,
50.0,-21.682299429999997,1870,0.0,93488,346,270,0.050298891961574554,-13.361146926879883,0.12347206473350525,0.0001,-10.449774742126465,20871,0.022348908707499504,,,
50.0,-21.355155160000002,1880,0.0,94000,347,270,0.050296347588300705,-13.288457870483398,0.12189795076847076,0.0001,-10.106861114501953,20999,0.012668345123529434,,,
50.0,-20.82497184,1890,0.0,94488,349,270,0.05029819533228874,-13.113710403442383,0.12042520940303802,0.0001,-9.979909896850586,21121,0.05759773775935173,,,
50.0,-20.626125669999997,1900,0.0,95000,351,270,0.050297580659389496,-12.986926078796387,0.11890070140361786,0.0001,-10.68505573272705,21249,0.01851247251033783,,,
50.0,-20.35010096,1910,0.0,95488,353,270,0.05029590427875519,-12.834150314331055,0.11745819449424744,0.0001,-11.702842712402344,21371,0.014179935678839684,,,
50.0,-20.43693592,1920,0.0,96000,355,269,0.050295453518629074,-12.610969543457031,0.115960493683815,0.0001,-9.690584182739258,21499,0.020582737401127815,,,
50.0,-20.0116542,1930,0.0,96488,357,269,0.05029628425836563,-12.45361328125,0.11454924941062927,0.0001,-10.848554611206055,21621,0.008000735193490982,,,
50.0,-19.66935301,1940,0.0,97000,359,269,0.05029962211847305,-12.202482223510742,0.11310630291700363,0.0001,-10.445990562438965,21749,0.1225070059299469,,,
50.0,-19.30249685,1950,0.0,97488,361,269,0.05030719190835953,-12.182395935058594,0.11173209547996521,0.0001,-11.001110076904297,21871,0.043462228029966354,,,
50.0,-19.40345761,1960,0.0,98000,363,269,0.050301045179367065,-11.97580337524414,0.11031799763441086,0.0001,-9.631933212280273,21999,0.012457441538572311,,,
50.0,-19.5076473,1970,0.0,98488,364,269,0.050299547612667084,-11.987215042114258,0.10898473858833313,0.0001,-10.944097518920898,22121,0.042090415954589844,,,
50.0,-19.37366115,1980,0.0,99000,366,269,0.05030636489391327,-11.491838455200195,0.10759826004505157,0.0001,-10.275510787963867,22249,0.04919205605983734,,,
50.0,-19.588131670000003,1990,0.0,99488,368,269,0.05030226707458496,-11.385177612304688,0.10629522055387497,0.0001,-10.97077751159668,22371,0.006384308449923992,,,
50.0,-19.62202311,2000,0.0,100000,370,269,0.05030738562345505,-11.297529220581055,0.10495305061340332,0.0001,-11.48005485534668,22499,0.3053954839706421,,,
50.0,-19.7253151,2010,0.0,100488,372,269,0.05030722916126251,-11.084720611572266,0.1036752462387085,0.0001,-10.961891174316406,22621,0.007700819056481123,,,
50.0,-19.56992569,2020,0.0,101000,374,269,0.05030769854784012,-10.897734642028809,0.10236269235610962,0.0001,-10.70734977722168,22749,0.017266321927309036,,,
50.0,-20.16673818,2030,0.0,101488,376,269,0.05030465126037598,-10.854135513305664,0.10112161189317703,0.0001,-12.505356788635254,22871,0.010242510586977005,,,
50.0,-20.5592831,2040,0.0,102000,378,269,0.0503024086356163,-10.442059516906738,0.09983381628990173,0.0001,-10.76988410949707,22999,0.011823722161352634,,,
50.0,-20.77485142,2050,0.0,102488,380,269,0.05030779168009758,-10.50230884552002,0.0986240804195404,0.0001,-10.79149055480957,23121,0.011258275248110294,,,
50.0,-20.40570567,2060,0.0,103000,382,269,0.050304584205150604,-10.328062057495117,0.09737082570791245,0.0001,-11.28817367553711,23249,0.00669020414352417,,,
50.0,-20.184581350000002,2070,0.0,103488,384,269,0.0503067672252655,-10.09362506866455,0.09619880467653275,0.0001,-11.629965782165527,23371,0.005276111885905266,,,
50.0,-20.25170286,2080,0.0,104000,386,269,0.05030319094657898,-10.038898468017578,0.09498121589422226,0.0001,-11.588089942932129,23499,0.0050635929219424725,,,
50.0,-20.14276414,2090,0.0,104488,388,269,0.05030672252178192,-9.82154655456543,0.09383971989154816,0.0001,-11.648496627807617,23621,0.004889924544841051,,,
50.0,-20.11859292,2100,0.0,105000,390,269,0.05030794069170952,-9.598159790039062,0.09264383465051651,0.0001,-11.270586013793945,23749,0.009290061891078949,,,
50.0,-20.395511600000003,2110,0.0,105488,391,269,0.05030789226293564,-9.62118911743164,0.09152147173881531,0.0001,-11.843713760375977,23871,0.005124230403453112,,,
50.0,-20.490322579999997,2120,0.0,106000,393,269,0.050309520214796066,-9.387277603149414,0.0903606042265892,0.0001,-11.875116348266602,23999,0.010066023096442223,,,
50.0,-20.53458896,2130,0.0,106488,395,269,0.05031628534197807,-9.325104713439941,0.08926898241043091,0.0001,-11.666261672973633,24121,0.014636361971497536,,,
50.0,-20.33306138,2140,0.0,107000,397,269,0.05031478404998779,-9.196818351745605,0.08813387155532837,0.0001,-11.5982666015625,24249,0.020758386701345444,,,
50.0,-20.292855430000003,2150,0.0,107488,399,269,0.050316035747528076,-9.001208305358887,0.08706876635551453,0.0001,-12.415705680847168,24371,0.013846071437001228,,,
50.0,-20.606322340000002,2160,0.0,108000,401,268,0.05031514912843704,-8.866004943847656,0.08596787601709366,0.0001,-11.740866661071777,24499,0.004137024749070406,,,
50.0,-20.653737199999995,2170,0.0,108488,403,268,0.0503116175532341,-8.605220794677734,0.0849354937672615,0.0001,-11.104195594787598,24621,0.005462478846311569,,,
50.0,-20.69697901,2180,0.0,109000,405,268,0.050321973860263824,-8.560613632202148,0.0838618278503418,0.0001,-11.798968315124512,24749,0.008025957271456718,,,
50.0,-20.836846299999998,2190,0.0,109488,407,268,0.05032163858413696,-8.387248992919922,0.08284015208482742,0.0001,-12.70241928100586,24871,0.1383889764547348,,,
50.0,-21.18524638,2200,0.0,110000,409,268,0.05031765624880791,-8.271738052368164,0.08179161697626114,0.0001,-11.94235610961914,24999,0.010987269692122936,,,
50.0,-21.308121879999998,2210,0.0,110488,411,268,0.05031885206699371,-8.127068519592285,0.08080489188432693,0.0001,-12.22639274597168,25121,0.011170843616127968,,,
50.0,-21.39974774,2220,0.0,111000,413,268,0.05031616613268852,-8.088653564453125,0.07977472990751266,0.0001,-11.898176193237305,25249,0.010960688814520836,,,
50.0,-21.117185959999997,2230,0.0,111488,414,268,0.050316210836172104,-7.897204875946045,0.07880651950836182,0.0001,-13.052806854248047,25371,0.00796242244541645,,,
50.0,-21.60721613,2240,0.0,112000,416,268,0.050316017121076584,-7.8030195236206055,0.07780423760414124,0.0001,-13.21069049835205,25499,0.0034535368904471397,,,
50.0,-21.659077010000004,2250,0.0,112488,418,268,0.05031571909785271,-7.765980243682861,0.07685799896717072,0.0001,-15.200578689575195,25621,0.006262233946472406,,,
50.0,-21.67862492,2260,0.0,113000,420,268,0.0503159761428833,-7.450257778167725,0.07588716596364975,0.0001,-11.642536163330078,25749,0.0036807642318308353,,,
50.0,-22.14567172,2270,0.0,113488,422,268,0.05031537637114525,-7.339651584625244,0.07496611773967743,0.0001,-13.16051959991455,25871,0.004411167465150356,,,
50.0,-22.575623070000002,2280,0.0,114000,424,268,0.050310831516981125,-7.205411911010742,0.07400432229042053,0.0001,-12.046930313110352,25999,0.009977590292692184,,,
50.0,-22.72287543,2290,0.0,114488,426,268,0.05031277984380722,-7.072155952453613,0.07310675084590912,0.0001,-12.240304946899414,26121,0.013631393201649189,,,
50.0,-22.811188840000003,2300,0.0,115000,428,268,0.05031506344676018,-6.9406023025512695,0.07218097150325775,0.0001,-12.249305725097656,26249,0.008622819557785988,,,
50.0,-22.807756330000004,2310,0.0,115488,430,268,0.050317537039518356,-6.862943649291992,0.07130933552980423,0.0001,-13.008172988891602,26371,0.010617900639772415,,,
50.0,-22.79547176,2320,0.0,116000,432,268,0.05031457170844078,-6.853236198425293,0.07039809972047806,0.0001,-13.594877243041992,26499,0.0029678079299628735,,,
50.0,-23.145354370000003,2330,0.0,116488,434,268,0.05031266808509827,-6.557727813720703,0.069550521671772,0.0001,-12.166747093200684,26621,0.012038251385092735,,,
50.0,-22.75489262,2340,0.0,117000,435,268,0.05032320320606232,-6.655331611633301,0.06866968423128128,0.0001,-13.779478073120117,26749,0.0074012200348079205,,,
50.0,-22.67735527,2350,0.0,117488,437,268,0.05032115429639816,-6.393364906311035,0.06783469766378403,0.0001,-13.392047882080078,26871,0.007307037245482206,,,
50.0,-22.872892239999995,2360,0.0,118000,439,268,0.05031738802790642,-6.322630405426025,0.06697730720043182,0.0001,-14.327596664428711,26999,0.007391384802758694,,,
50.0,-22.360480140000004,2370,0.0,118488,441,268,0.0503263846039772,-6.14268684387207,0.06616642326116562,0.0001,-13.247699737548828,27121,0.005787065252661705,,,
50.0,-22.093206349999996,2380,0.0,119000,443,268,0.05031979829072952,-6.117079734802246,0.06532119959592819,0.0001,-13.717695236206055,27249,0.009474454447627068,,,
50.0,-22.245650140000006,2390,0.0,119488,445,268,0.05032529681921005,-5.909814834594727,0.064532071352005,0.0001,-13.231378555297852,27371,0.0023102364502847195,,,
50.0,-21.96574208,2400,0.0,120000,447,268,0.05032658576965332,-5.833225250244141,0.06371455639600754,0.0001,-14.062043190002441,27499,0.010168658569455147,,,
50.0,-21.550976370000004,2410,0.0,120488,449,268,0.050320982933044434,-5.9727630615234375,0.06294770538806915,0.0001,-15.696879386901855,27621,0.0037581617943942547,,,
50.0,-21.565460629999997,2420,0.0,121000,451,268,0.050324589014053345,-5.66148567199707,0.06215260922908783,0.0001,-13.396480560302734,27749,0.02862652763724327,,,
50.0,-21.37868958,2430,0.0,121488,453,268,0.050324033945798874,-5.469404220581055,0.06140197813510895,0.0001,-13.706695556640625,27871,0.024956924840807915,,,
50.0,-21.219843179999998,2440,0.0,122000,455,268,0.05032489448785782,-5.4535136222839355,0.060621969401836395,0.0001,-14.177312850952148,27999,0.0027847308665513992,,,
50.0,-21.639195670000003,2450,0.0,122488,457,267,0.05032571405172348,-5.172946929931641,0.05989127606153488,0.0001,-13.075429916381836,28121,0.004919708706438541,,,
50.0,-21.590697770000002,2460,0.0,123000,459,267,0.05032913386821747,-5.285443305969238,0.059134237468242645,0.0001,-13.960140228271484,28249,0.0024548231158405542,,,
50.0,-21.63410141,2470,0.0,123488,460,267,0.05032729357481003,-5.21347188949585,0.05842174217104912,0.0001,-14.241432189941406,28371,0.003768735332414508,,,
50.0,-21.48534426,2480,0.0,124000,462,267,0.050331465899944305,-5.036101818084717,0.05768541991710663,0.0001,-15.682430267333984,28499,0.0019366014748811722,,,
50.0,-20.81420269,2490,0.0,124488,464,267,0.05032962188124657,-4.933597564697266,0.05698110908269882,0.0001,-14.00853157043457,28621,0.0020732232369482517,,,
50.0,-20.686139920000002,2500,0.0,125000,466,267,0.050333112478256226,-4.834144115447998,0.056253738701343536,0.0001,-15.455904006958008,28749,0.006345813162624836,,,
50.0,-20.667078219999997,2510,0.0,125488,468,267,0.05033440887928009,-4.832195281982422,0.055574364960193634,0.0001,-18.57766342163086,28871,0.013205384835600853,,,
50.0,-20.516321010000002,2520,0.0,126000,470,267,0.05033348128199577,-4.641534328460693,0.054864827543497086,0.0001,-15.493510246276855,28999,0.0028894126880913973,,,
50.0,-20.66865696,2530,0.0,126488,472,267,0.05033435672521591,-4.547540664672852,0.05420248582959175,0.0001,-14.649744987487793,29121,0.0016293684020638466,,,
50.0,-20.84587019,2540,0.0,127000,474,267,0.05033719539642334,-4.457324028015137,0.05350949987769127,0.0001,-14.938787460327148,29249,0.0017326398519799113,,,
50.0,-20.420440859999996,2550,0.0,127488,476,267,0.05033780261874199,-4.388664245605469,0.052860911935567856,0.0001,-15.34341049194336,29371,0.002872677519917488,,,
50.0,-19.957009069999998,2560,0.0,128000,478,267,0.05033988878130913,-4.202159404754639,0.05219122767448425,0.0001,-15.16079330444336,29499,0.0015326314605772495,,,
50.0,-20.0419843,2570,0.0,128488,480,267,0.050340425223112106,-4.1550798416137695,0.051552459597587585,0.0001,-13.853567123413086,29621,0.0024944315664470196,,,
50.0,-20.26430074,2580,0.0,129000,482,267,0.05033665522933006,-4.079222202301025,0.05089525505900383,0.0001,-13.089042663574219,29749,0.0026135332882404327,,,
50.0,-20.774472369999998,2590,0.0,129488,484,267,0.05033394694328308,-3.987091302871704,0.05028247460722923,0.0001,-14.162012100219727,29871,0.006332226097583771,,,
50.0,-20.52248833,2600,0.0,130000,486,267,0.05034055560827255,-3.7699851989746094,0.04964965954422951,0.0001,-15.434646606445312,29999,0.0016293171793222427,,,
50.0,-20.71791295,2610,0.0,130488,487,267,0.050345927476882935,-3.885376453399658,0.049050766974687576,0.0001,-14.96992301940918,30121,0.001486929482780397,,,
50.0,-20.67433548,2620,0.0,131000,489,267,0.05034796521067619,-3.7006454467773438,0.04842766746878624,0.0001,-14.874454498291016,30249,0.002057173987850547,,,
50.0,-20.069108299999996,2630,0.0,131488,491,267,0.05034853145480156,-3.610568046569824,0.04783911257982254,0.0001,-14.348705291748047,30371,0.0015026675537228584,,,
50.0,-20.175280869999998,2640,0.0,132000,493,267,0.05034521967172623,-3.4809927940368652,0.04723155125975609,0.0001,-15.833425521850586,30499,0.0019462264608591795,,,
50.0,-20.29165704,2650,0.0,132488,495,267,0.050345566123723984,-3.43142032623291,0.046660616993904114,0.0001,-15.209235191345215,30621,0.0010976172052323818,,,
50.0,-20.37954037,2660,0.0,133000,497,267,0.05034342408180237,-3.42899489402771,0.04606936499476433,0.0001,-15.314873695373535,30749,0.001036230125464499,,,
50.0,-19.87268508,2670,0.0,133488,499,267,0.05034112185239792,-3.3371634483337402,0.04551110416650772,0.0001,-14.589845657348633,30871,0.004363249521702528,,,
50.0,-19.65793318,2680,0.0,134000,501,267,0.05034558102488518,-3.1648311614990234,0.044936325401067734,0.0001,-15.155223846435547,30999,0.001721444190479815,,,
50.0,-19.312691530000002,2690,0.0,134488,503,267,0.05035481974482536,-3.1355507373809814,0.04439001902937889,0.0001,-15.810306549072266,31121,0.00220857048407197,,,
50.0,-19.72310144,2700,0.0,135000,505,267,0.05034911632537842,-3.0886993408203125,0.04382713884115219,0.0001,-16.171573638916016,31249,0.0015833682846277952,,,
50.0,-19.89041941,2710,0.0,135488,507,267,0.05034804344177246,-2.999654769897461,0.043295785784721375,0.0001,-15.759872436523438,31371,0.012200497090816498,,,
50.0,-20.00328258,2720,0.0,136000,509,267,0.05034828186035156,-2.887272357940674,0.04274611175060272,0.0001,-15.828512191772461,31499,0.001659243367612362,,,
50.0,-20.733209900000002,2730,0.0,136488,510,267,0.05034700781106949,-2.8164443969726562,0.04223166033625603,0.0001,-15.564115524291992,31621,0.004106555134057999,,,
50.0,-20.92827682,2740,0.0,137000,512,267,0.05035548657178879,-2.7155466079711914,0.0416998565196991,0.0001,-14.7766752243042,31749,0.01592077873647213,,,
50.0,-21.138853689999998,2750,0.0,137488,514,267,0.05035378038883209,-2.6836018562316895,0.041195522993803024,0.0001,-16.042234420776367,31871,0.0017207713099196553,,,
50.0,-21.07956924,2760,0.0,138000,516,267,0.05035833269357681,-2.5813679695129395,0.04067219793796539,0.0001,-16.72309112548828,31999,0.007258819416165352,,,
50.0,-21.554821549999996,2770,0.0,138488,518,267,0.05035555362701416,-2.4341461658477783,0.04017617553472519,0.0001,-15.9427490234375,32121,0.001986635150387883,,,
50.0,-21.80263161,2780,0.0,139000,520,266,0.05035755783319473,-2.4287796020507812,0.03966920077800751,0.0001,-15.762744903564453,32249,0.0018756826175376773,,,
50.0,-22.036143689999996,2790,0.0,139488,522,266,0.05035564303398132,-2.468665599822998,0.03918709605932236,0.0001,-18.026273727416992,32371,0.0021092065144330263,,,
50.0,-21.970807,2800,0.0,140000,524,266,0.05034761130809784,-2.283867359161377,0.03868850693106651,0.0001,-16.270217895507812,32499,0.0011247133370488882,,,
50.0,-21.857269539999997,2810,0.0,140488,526,266,0.05035293102264404,-2.094235897064209,0.03822078928351402,0.0001,-15.439413070678711,32621,0.0013771525118499994,,,
50.0,-22.038559770000003,2820,0.0,141000,528,266,0.050354570150375366,-2.102701425552368,0.0377354621887207,0.0001,-15.489399909973145,32749,0.0010962698142975569,,,
50.0,-21.59622249,2830,0.0,141488,530,266,0.05035453289747238,-1.961763858795166,0.03728325292468071,0.0001,-15.808273315429688,32871,0.001592508633621037,,,
50.0,-21.59266583,2840,0.0,142000,532,266,0.05036141723394394,-2.080869674682617,0.03681090474128723,0.0001,-17.55636978149414,32999,0.0016865296056494117,,,
50.0,-21.242991560000004,2850,0.0,142488,534,266,0.05035211890935898,-1.8070409297943115,0.036364082247018814,0.0001,-15.30735969543457,33121,0.0013560354709625244,,,
50.0,-21.431543470000005,2860,0.0,143000,536,266,0.050356000661849976,-1.9382209777832031,0.03590395674109459,0.0001,-17.867082595825195,33249,0.002369323745369911,,,
50.0,-21.479585509999996,2870,0.0,143488,537,266,0.050352126359939575,-1.766733169555664,0.035468943417072296,0.0001,-15.60866928100586,33371,0.0019201074028387666,,,
50.0,-21.394543720000005,2880,0.0,144000,539,266,0.05034823343157768,-1.701794147491455,0.03501873090863228,0.0001,-15.819633483886719,33499,0.0010851317783817649,,,
50.0,-21.550354809999998,2890,0.0,144488,541,266,0.05035321041941643,-1.6954028606414795,0.03459670767188072,0.0001,-17.0908203125,33621,0.0026748264208436012,,,
50.0,-21.768358539999998,2900,0.0,145000,543,266,0.050350021570920944,-1.5156784057617188,0.03415549546480179,0.0001,-17.06573486328125,33749,0.0008376363548450172,,,
50.0,-22.069870420000008,2910,0.0,145488,545,266,0.050355538725852966,-1.4727832078933716,0.033743906766176224,0.0001,-16.592788696289062,33871,0.0015901828883215785,,,
50.0,-21.996064830000005,2920,0.0,146000,547,266,0.0503484383225441,-1.5208340883255005,0.03331626579165459,0.0001,-15.91299819946289,33999,0.0012924920301884413,,,
50.0,-21.694103059999996,2930,0.0,146488,549,266,0.050349291414022446,-1.4140205383300781,0.03291156515479088,0.0001,-16.0405330657959,34121,0.0015936919953674078,,,
50.0,-21.17964803,2940,0.0,147000,551,266,0.05035245418548584,-1.3199079036712646,0.03249464929103851,0.0001,-17.18381690979004,34249,0.0047101713716983795,,,
50.0,-21.480840249999996,2950,0.0,147488,553,266,0.05035041272640228,-1.3353267908096313,0.03210294619202614,0.0001,-16.672061920166016,34371,0.0010929155396297574,,,
50.0,-21.499941869999997,2960,0.0,148000,555,266,0.05035412311553955,-1.1410472393035889,0.03169487044215202,0.0001,-16.29631996154785,34499,0.0009178667678497732,,,
50.0,-21.269676450000002,2970,0.0,148488,557,266,0.05035225674510002,-1.2257691621780396,0.03131107985973358,0.0001,-16.040163040161133,34621,0.001062594703398645,,,
50.0,-21.045513939999996,2980,0.0,149000,559,266,0.05035433918237686,-1.0789282321929932,0.03091391548514366,0.0001,-17.65727996826172,34749,0.0007264339365065098,,,
50.0,-20.893433409999997,2990,0.0,149488,561,266,0.05034917593002319,-1.0520174503326416,0.03054078482091427,0.0001,-16.780353546142578,34871,0.0011504055000841618,,,
50.0,-20.707949059999997,3000,0.0,150000,563,266,0.05035247653722763,-0.9270526170730591,0.0301533043384552,0.0001,-16.953414916992188,34999,0.0012010876089334488,,,
50.0,-20.41765226,3010,0.0,150488,564,266,0.05035257339477539,-0.8841811418533325,0.02978656254708767,0.0001,-16.5928955078125,35121,0.0008778240298852324,,,
50.0,-20.58191718,3020,0.0,151000,566,266,0.05035483092069626,-0.8674487471580505,0.029407985508441925,0.0001,-16.801746368408203,35249,0.005059339106082916,,,
50.0,-20.691398229999994,3030,0.0,151488,568,266,0.050356313586235046,-0.840293824672699,0.029053371399641037,0.0001,-16.858007431030273,35371,0.0007640684489160776,,,
50.0,-20.6290076,3040,0.0,152000,570,266,0.05035991594195366,-0.7624398469924927,0.028684360906481743,0.0001,-17.888275146484375,35499,0.0007530009024776518,,,
50.0,-20.821767839999996,3050,0.0,152488,572,266,0.050357431173324585,-0.7117247581481934,0.028338802978396416,0.0001,-17.24432373046875,35621,0.0019461008487269282,,,
50.0,-20.54286892,3060,0.0,153000,574,266,0.05035597085952759,-0.689699113368988,0.027982568368315697,0.0001,-16.991191864013672,35749,0.0009355837246403098,,,
50.0,-20.6544471,3070,0.0,153488,576,266,0.05036438629031181,-0.5634241104125977,0.02764296904206276,0.0001,-18.34784507751465,35871,0.0017247882205992937,,,
50.0,-21.073693979999998,3080,0.0,154000,578,266,0.05036399886012077,-0.5196192264556885,0.02729150466620922,0.0001,-17.612167358398438,35999,0.0016337085980921984,,,
50.0,-21.027074199999998,3090,0.0,154488,580,266,0.05036568269133568,-0.4685038924217224,0.026962291449308395,0.0001,-16.23070526123047,36121,0.0009406341705471277,,,
50.0,-20.77481616,3100,0.0,155000,582,266,0.050364330410957336,-0.46973252296447754,0.026622500270605087,0.0001,-23.13335418701172,36249,0.003460580948740244,,,
50.0,-20.94506912,3110,0.0,155488,584,266,0.050363730639219284,-0.40567752718925476,0.026300475001335144,0.0001,-16.829219818115234,36371,0.002391367219388485,,,
50.0,-20.828372940000005,3120,0.0,156000,586,266,0.050371311604976654,-0.3201083242893219,0.025968674570322037,0.0001,-18.22219467163086,36499,0.001962626352906227,,,
50.0,-21.582246679999994,3130,0.0,156488,588,265,0.0503767728805542,-0.2607589066028595,0.025655820965766907,0.0001,-17.945098876953125,36621,0.000662904349155724,,,
50.0,-22.018310920000005,3140,0.0,157000,590,265,0.0503777377307415,-0.2070496678352356,0.025331590324640274,0.0001,-18.501300811767578,36749,0.000944156083278358,,,
50.0,-21.81788826,3150,0.0,157488,592,265,0.05037621781229973,-0.12440912425518036,0.02502627670764923,0.0001,-17.91027069091797,36871,0.0007297362899407744,,,
50.0,-21.991514289999994,3160,0.0,158000,594,265,0.05038296431303024,-0.09591519832611084,0.024711068719625473,0.0001,-17.23995590209961,36999,0.001453524106182158,,,
50.0,-21.94580747,3170,0.0,158488,596,265,0.050383202731609344,-0.028654171153903008,0.024411264806985855,0.0001,-18.998380661010742,37121,0.003842697711661458,,,
50.0,-21.689724459999997,3180,0.0,159000,598,265,0.050381988286972046,-0.0016238726675510406,0.02410307340323925,0.0001,-17.303659439086914,37249,0.022718757390975952,,,
50.0,-21.961606290000006,3190,0.0,159488,600,265,0.0503845140337944,-0.0019352608360350132,0.023810619488358498,0.0001,-17.83277130126953,37371,0.0010648281313478947,,,
,,,,160000,,,,0.02052692323923111,0.023510368540883064,0.0001,-20.255130767822266,37499,0.08063994348049164,50.0,-21.738804899999998,0.0
50.0,-22.174161679999994,3200,0.0,160000,609,262,0.05038837343454361,,,,,,,,,
50.0,-21.70848904,3210,0.0,160488,611,262,0.05039002001285553,0.04398637264966965,0.02322552539408207,0.0001,-17.87548065185547,37621,0.005012978799641132,,,
50.0,-21.56480523,3220,0.0,161000,613,262,0.05038962885737419,0.04557750001549721,0.022931484505534172,0.0001,-18.596508026123047,37749,0.000935073010623455,,,
50.0,-21.052189639999998,3230,0.0,161488,615,262,0.050391845405101776,0.24153250455856323,0.02265569195151329,0.0001,-18.926088333129883,37871,0.0028885030187666416,,,
50.0,-21.09562399,3240,0.0,162000,617,262,0.05039142072200775,0.22074612975120544,0.0223687794059515,0.0001,-17.879222869873047,37999,0.0016906567616388202,,,
50.0,-20.998625670000003,3250,0.0,162488,620,261,0.05039592832326889,0.33275097608566284,0.022098397836089134,0.0001,-17.940811157226562,38121,0.0111518744379282,,,
50.0,-20.831212450000002,3260,0.0,163000,622,261,0.05040343105792999,0.3271435499191284,0.021818922832608223,0.0001,-19.284591674804688,38249,0.0009218639461323619,,,
50.0,-20.730087080000004,3270,0.0,163488,624,261,0.05039811134338379,0.35121670365333557,0.02155441604554653,0.0001,-18.007518768310547,38371,0.006708893924951553,,,
50.0,-20.517044210000005,3280,0.0,164000,626,261,0.05039725825190544,0.535885214805603,0.02128075435757637,0.0001,-18.97477149963379,38499,0.0009753004997037351,,,
50.0,-20.358616440000002,3290,0.0,164488,628,261,0.05039563775062561,0.4973454177379608,0.02102414332330227,0.0001,-19.27363395690918,38621,0.0011737928725779057,,,
50.0,-20.06968041,3300,0.0,165000,630,261,0.050397567451000214,0.5540241003036499,0.02075725793838501,0.0001,-17.743396759033203,38749,0.0012062161695212126,,,
50.0,-20.19382036,3310,0.0,165488,632,261,0.050392597913742065,0.6182032823562622,0.020504092797636986,0.0001,-19.341073989868164,38871,0.0010913640726357698,,,
50.0,-20.323463439999998,3320,0.0,166000,634,261,0.050401970744132996,0.5521942377090454,0.020246712490916252,0.0001,-19.084487915039062,38999,0.0008864774135872722,,,
50.0,-20.39155407,3330,0.0,166488,636,261,0.05040263384580612,0.6979376077651978,0.020000966265797615,0.0001,-19.169322967529297,39121,0.0009364918805658817,,,
50.0,-20.151263130000004,3340,0.0,167000,639,261,0.050398122519254684,0.7099452018737793,0.01974637061357498,0.0001,-22.003002166748047,39249,0.015821358188986778,,,
50.0,-20.23303563,3350,0.0,167488,641,261,0.05039317160844803,0.66118323802948,0.01950622722506523,0.0001,-18.481630325317383,39371,0.0007291635265573859,,,
50.0,-20.38956517,3360,0.0,168000,643,261,0.050395309925079346,0.7140108346939087,0.019259944558143616,0.0001,-18.734722137451172,39499,0.0005924012511968613,,,
50.0,-20.4281732,3370,0.0,168488,645,261,0.050395675003528595,0.7286152839660645,0.01902632974088192,0.0001,-19.23028564453125,39621,0.0006313719786703587,,,
50.0,-20.610937210000003,3380,0.0,169000,647,261,0.050395332276821136,0.7737287282943726,0.018784990534186363,0.0001,-18.471813201904297,39749,0.0035173220094293356,,,
50.0,-20.542862239999998,3390,0.0,169488,649,260,0.050396114587783813,0.9479100108146667,0.018559470772743225,0.0001,-19.182403564453125,39871,0.0008293819264508784,,,
50.0,-20.596730550000004,3400,0.0,170000,651,260,0.0503988116979599,0.8929822444915771,0.018324093893170357,0.0001,-20.132762908935547,39999,0.001056893728673458,,,
50.0,-20.66689471,3410,0.0,170488,653,260,0.05039939284324646,0.9184286594390869,0.018102522939443588,0.0001,-21.609560012817383,40121,0.0007618538802489638,,,
50.0,-20.50820053,3420,0.0,171000,656,260,0.05039830133318901,1.04508376121521,0.01787351816892624,0.0001,-19.13525390625,40249,0.0005338655319064856,,,
50.0,-20.402076970000003,3430,0.0,171488,658,260,0.05040054768323898,0.988491415977478,0.01765495352447033,0.0001,-22.641204833984375,40371,0.001050854567438364,,,
50.0,-20.43605987,3440,0.0,172000,660,260,0.050404466688632965,1.062072992324829,0.017431236803531647,0.0001,-20.078369140625,40499,0.0004647017049137503,,,
50.0,-20.281673979999997,3450,0.0,172488,662,260,0.050401296466588974,1.0512263774871826,0.017220091074705124,0.0001,-20.425922393798828,40621,0.000734808505512774,,,
50.0,-20.07687887,3460,0.0,173000,664,260,0.05039609223604202,1.0936594009399414,0.016999244689941406,0.0001,-18.781600952148438,40749,0.0013457332970574498,,,
50.0,-20.199600050000004,3470,0.0,173488,667,260,0.05039272829890251,1.0771455764770508,0.016794003546237946,0.0001,-18.4918212890625,40871,0.0005975858657620847,,,
50.0,-20.220823290000002,3480,0.0,174000,669,260,0.05039786547422409,1.2077977657318115,0.016582289710640907,0.0001,-19.319419860839844,40999,0.000562968896701932,,,
50.0,-20.06479491,3490,0.0,174488,671,259,0.05039752647280693,1.2689409255981445,0.01638217642903328,0.0001,-19.672527313232422,41121,0.0006287377327680588,,,
50.0,-20.10024073,3500,0.0,175000,673,259,0.05039667338132858,1.259242296218872,0.016175631433725357,0.0001,-21.1300048828125,41249,0.0005349743296392262,,,
50.0,-20.28492392,3510,0.0,175488,675,259,0.050400905311107635,1.2380235195159912,0.015980800613760948,0.0001,-20.686731338500977,41371,0.0004528757417574525,,,
50.0,-20.173901120000004,3520,0.0,176000,677,259,0.050395235419273376,1.3550927639007568,0.015778515487909317,0.0001,-19.80514907836914,41499,0.0011370159918442369,,,
50.0,-20.10979408,3530,0.0,176488,679,259,0.05039794370532036,1.4213225841522217,0.01558737549930811,0.0001,-19.892990112304688,41621,0.000504051917232573,,,
50.0,-19.976770860000002,3540,0.0,177000,681,259,0.05039452016353607,1.4260485172271729,0.0153907909989357,0.0001,-19.898143768310547,41749,0.0005317478207871318,,,
50.0,-20.24837944,3550,0.0,177488,683,259,0.05039767548441887,1.3312952518463135,0.015204680152237415,0.0001,-24.02266502380371,41871,0.000762035371735692,,,
50.0,-20.41557113,3560,0.0,178000,685,259,0.05039892718195915,1.345324158668518,0.015012606978416443,0.0001,-21.50082778930664,41999,0.0012001222930848598,,,
50.0,-20.33779534,3570,0.0,178488,687,259,0.0504029244184494,1.4030139446258545,0.014831013977527618,0.0001,-18.345867156982422,42121,0.0005566020263358951,,,
50.0,-20.808643210000003,3580,0.0,179000,689,259,0.050404638051986694,1.5276130437850952,0.014643528498709202,0.0001,-19.87830924987793,42249,0.001641319366171956,,,
50.0,-21.023657330000002,3590,0.0,179488,691,259,0.05040758103132248,1.520767092704773,0.014467164874076843,0.0001,-20.23810577392578,42371,0.000760889844968915,,,
50.0,-21.497859230000003,3600,0.0,180000,693,259,0.050407350063323975,1.5428287982940674,0.014285069890320301,0.0001,-19.82457733154297,42499,0.027026444673538208,,,
50.0,-21.294503160000005,3610,0.0,180488,695,259,0.05041489005088806,1.7233595848083496,0.01411337312310934,0.0001,-21.90468978881836,42621,0.0011083184508606791,,,
50.0,-21.330642959999995,3620,0.0,181000,697,259,0.050412874668836594,1.7624707221984863,0.01393367163836956,0.0001,-19.742124557495117,42749,0.0015116904396563768,,,
50.0,-21.601633890000002,3630,0.0,181488,699,259,0.0504167303442955,1.623248815536499,0.013765383511781693,0.0001,-20.753860473632812,42871,0.0006514568813145161,,,
50.0,-21.803793220000003,3640,0.0,182000,702,259,0.050407759845256805,1.7099194526672363,0.013590488582849503,0.0001,-20.32492446899414,42999,0.026238929480314255,,,
50.0,-21.641686640000003,3650,0.0,182488,704,259,0.05041199177503586,1.766829490661621,0.013426493853330612,0.0001,-20.535987854003906,43121,0.0008449440938420594,,,
50.0,-21.77916359,3660,0.0,183000,706,259,0.05041247606277466,1.863625168800354,0.013256523758172989,0.0001,-19.368528366088867,43249,0.0007455089362338185,,,
50.0,-21.821198099999997,3670,0.0,183488,708,259,0.05041252821683884,1.8730392456054688,0.013095458969473839,0.0001,-20.839099884033203,43371,0.0006496707792393863,,,
50.0,-21.16596836,3680,0.0,184000,710,258,0.05041491985321045,1.7946616411209106,0.012929310090839863,0.0001,-20.645153045654297,43499,0.0006028201896697283,,,
50.0,-20.98363018,3690,0.0,184488,712,258,0.05041457340121269,1.7851364612579346,0.012772233225405216,0.0001,-20.902841567993164,43621,0.00038824917282909155,,,
50.0,-20.19391901,3700,0.0,185000,714,258,0.050419919192790985,1.8108420372009277,0.012610653415322304,0.0001,-21.00186538696289,43749,0.000473176158266142,,,
50.0,-20.23092289,3710,0.0,185488,717,258,0.05041533336043358,1.9024665355682373,0.012457359582185745,0.0001,-21.808883666992188,43871,0.0004251694190315902,,,
50.0,-20.131830569999998,3720,0.0,186000,719,258,0.05041833966970444,1.8758680820465088,0.012299182824790478,0.0001,-21.509666442871094,43999,0.0009973135311156511,,,
50.0,-19.639474229999998,3730,0.0,186488,721,258,0.0504189133644104,2.005871295928955,0.01214978564530611,0.0001,-20.768627166748047,44121,0.0012809345498681068,,,
50.0,-19.655905349999998,3740,0.0,187000,723,258,0.05042049288749695,2.046715259552002,0.011996577493846416,0.0001,-25.93307113647461,44249,0.008887571282684803,,,
50.0,-19.60560126,3750,0.0,187488,726,258,0.050419311970472336,2.0097951889038086,0.011850771494209766,0.0001,-22.167312622070312,44371,0.0014818606432527304,,,
50.0,-19.60060627,3760,0.0,188000,728,258,0.050422005355358124,2.018673896789551,0.011701183393597603,0.0001,-19.880517959594727,44499,0.0014509244356304407,,,
50.0,-19.79160899,3770,0.0,188488,730,258,0.05042797327041626,2.0671846866607666,0.011559837497770786,0.0001,-21.096900939941406,44621,0.0017880027880892158,,,
50.0,-20.231082389999997,3780,0.0,189000,732,258,0.05043052136898041,2.0915045738220215,0.01141449436545372,0.0001,-23.172847747802734,44749,0.0006632150616496801,,,
50.0,-20.60252907,3790,0.0,189488,734,257,0.05043284222483635,2.1245405673980713,0.01127708051353693,0.0001,-21.333698272705078,44871,0.0004075998440384865,,,
